BusinessEntityID,ContactTypeID,Año,Trimestre,Mes,Día,PersonID,rowguid
292,11,2017,Trim. 4,diciembre,13,291,7D4D2DBC-4A44-48F5-911D-A63ABAFD5120
294,11,2017,Trim. 4,diciembre,13,293,3EA25B65-9579-4260-977D-D6F00D7D20EE
296,11,2017,Trim. 4,diciembre,13,295,DADAC1FF-3351-4827-9AE0-95004885C193
298,11,2017,Trim. 4,diciembre,13,297,B924F26F-6446-45D1-A92B-6F418374F075
300,11,2017,Trim. 4,diciembre,13,299,5BA4E7BE-8D29-46A2-B68D-67B1615B124A
302,11,2017,Trim. 4,diciembre,13,301,6CC8F248-8D96-4AFD-ADCC-61D93E8DE3B1
304,11,2017,Trim. 4,diciembre,13,303,33B4DA81-4448-481F-BF7C-357EA4D23F21
306,11,2017,Trim. 4,diciembre,13,305,70D35526-7C2F-470F-98CB-F9299A754F16
308,14,2017,Trim. 4,diciembre,13,307,DA33B75D-32FB-432D-A275-9E9D32E78F3E
310,14,2017,Trim. 4,diciembre,13,309,C2DEE145-A902-477E-AB21-29659AC3E97E
312,14,2017,Trim. 4,diciembre,13,311,4020DEAE-56F6-47DF-96C1-A01F3DE2305C
314,14,2017,Trim. 4,diciembre,13,313,9EF858DE-EABA-4A53-9B28-FC699D789957
316,11,2017,Trim. 4,diciembre,13,315,E3F641EA-02D1-4B59-BE3F-97785D4DAB4D
318,11,2017,Trim. 4,diciembre,13,317,DEB6D69A-7A6C-4820-B48D-67DC990A2A20
320,11,2017,Trim. 4,diciembre,13,319,C7BBF9BA-A676-41AD-ADC0-64A3190A50AF
322,11,2017,Trim. 4,diciembre,13,321,299E6EC8-5AA4-4E78-8EF1-35B125523BD3
324,11,2017,Trim. 4,diciembre,13,323,800EAF50-A564-4A2D-B06B-D920F7780C8B
326,11,2017,Trim. 4,diciembre,13,325,25CD8C2C-375F-4267-BF52-ACCE99255B42
328,14,2017,Trim. 4,diciembre,13,327,3F34DD3E-B7D5-4E44-A44C-D85B06299EDD
330,14,2017,Trim. 4,diciembre,13,329,2B8DADDC-5547-402C-9E88-12B70FF867C5
332,11,2017,Trim. 4,diciembre,13,331,3E139BDB-4810-464E-9283-DECD32939688
334,11,2017,Trim. 4,diciembre,13,333,79B81988-81DB-4C09-ABBA-DFD0328105C0
336,11,2017,Trim. 4,diciembre,13,335,F860BD9F-D951-490E-8180-68647B3AF8FF
338,14,2017,Trim. 4,diciembre,13,337,FBD31093-D7DA-4E73-A451-65D735AA7A5D
340,14,2017,Trim. 4,diciembre,13,339,E47DA956-BD09-4538-8C96-A54184103E37
342,11,2017,Trim. 4,diciembre,13,341,684329F0-A72D-48B8-AB03-DF71CDDE7D06
344,11,2017,Trim. 4,diciembre,13,343,0E667419-C7BB-4ABA-BE17-78801A6D929C
346,14,2017,Trim. 4,diciembre,13,345,6324CF53-A7B0-4009-A717-93FBCE96BE49
348,14,2017,Trim. 4,diciembre,13,347,F264A712-713C-4F49-90E4-F472799D372C
350,11,2017,Trim. 4,diciembre,13,349,4DA3D351-1BF0-4CE7-933E-49130672217F
352,11,2017,Trim. 4,diciembre,13,351,A1E6D0FE-3A15-4ACC-B70C-E5C025F8C672
354,14,2017,Trim. 4,diciembre,13,353,E3B65838-39FE-40EA-8A81-50CDBAD14547
356,14,2017,Trim. 4,diciembre,13,355,AE565833-864E-4F7C-870D-320D66D87CC0
358,14,2017,Trim. 4,diciembre,13,357,B35E6AE5-AA16-4491-8351-96C52F813E59
360,14,2017,Trim. 4,diciembre,13,359,ED90B8B3-A1EA-4114-80CE-36194F313A61
362,14,2017,Trim. 4,diciembre,13,361,DC638543-D8A6-45BB-9ED4-1BA1B9AFAAF5
364,15,2017,Trim. 4,diciembre,13,363,5C2B656B-4FCD-48F5-9490-475E6C913E7B
366,15,2017,Trim. 4,diciembre,13,365,D3789A2C-716B-4C68-BF7C-32B50065CB0F
368,15,2017,Trim. 4,diciembre,13,367,30530E6E-95E4-418A-9E33-D91E45E1CEEA
370,11,2017,Trim. 4,diciembre,13,369,1FC1EB22-9273-4FDE-800B-CC9854EBCE02
372,11,2017,Trim. 4,diciembre,13,371,21E336DB-B9B6-40F6-9860-733BD49E5C9B
374,14,2017,Trim. 4,diciembre,13,373,7F796271-4766-43B6-9E1C-32D7A6B56D95
376,14,2017,Trim. 4,diciembre,13,375,FBCAA1C0-0919-430F-A8A3-2C028561B89D
378,15,2017,Trim. 4,diciembre,13,377,D863E894-B7F7-4F04-9A95-318A32717E40
380,15,2017,Trim. 4,diciembre,13,379,2FDF5E10-BD87-4F59-881F-5BA8D00AD803
382,11,2017,Trim. 4,diciembre,13,381,BD4A26C1-864E-4DA7-BF95-8D7B014C8F30
384,11,2017,Trim. 4,diciembre,13,383,F7C042F2-3BF2-438C-A3F4-04C38CF70DC7
386,11,2017,Trim. 4,diciembre,13,385,74EBD106-BE6F-4405-8239-C6CFE21D8AA7
388,15,2017,Trim. 4,diciembre,13,387,5EAE3335-6344-40B2-BC17-F0A2FCB46D83
390,15,2017,Trim. 4,diciembre,13,389,2019BB4F-830D-4A17-9643-5DD983F975C2
392,15,2017,Trim. 4,diciembre,13,391,480A6031-F252-4624-97D1-3019065E6DDF
394,11,2017,Trim. 4,diciembre,13,393,E7D3DACF-B948-4D60-A3D8-D41AD7C26935
396,11,2017,Trim. 4,diciembre,13,395,FB0F5338-9494-4CDE-B23A-0C6AB8EB818F
398,11,2017,Trim. 4,diciembre,13,397,333865B8-61D8-491F-AD90-69F168F912FC
400,15,2017,Trim. 4,diciembre,13,399,C5B54296-1BB8-4F3F-98D0-5C574FE31AF7
402,15,2017,Trim. 4,diciembre,13,401,E9ABD738-DD0B-4CD4-AF1C-A30395EAB63B
404,15,2017,Trim. 4,diciembre,13,403,EB03B2B1-44FA-40B4-9FF5-CA9B84222CBE
406,11,2017,Trim. 4,diciembre,13,405,17B5E184-3F53-4667-BD9C-01349A40E78C
408,11,2017,Trim. 4,diciembre,13,407,A315AD94-37B6-4CA8-9BCC-F1301F93ABBC
410,15,2017,Trim. 4,diciembre,13,409,41F91829-511C-41B4-A0DC-92F0690CFCB6
412,15,2017,Trim. 4,diciembre,13,411,3B7C82BC-9AC9-48F0-9909-A88503D79441
414,15,2017,Trim. 4,diciembre,13,413,509E8E9C-D28E-4D4A-B3FE-EA06C619D9CD
416,11,2017,Trim. 4,diciembre,13,415,70C54F8A-7D4A-4C9A-9715-64950B02C961
418,11,2017,Trim. 4,diciembre,13,417,DD1FDE3B-80CD-4F07-AFC0-39ED599FE70B
420,14,2017,Trim. 4,diciembre,13,419,92E0FA0F-AE90-47CB-B876-F9454C31EA90
422,14,2017,Trim. 4,diciembre,13,421,B4E63792-5574-4F7D-A523-998067A535A3
424,15,2017,Trim. 4,diciembre,13,423,634700A9-CDA4-4F08-B0D9-C6CE34CC125A
426,15,2017,Trim. 4,diciembre,13,425,2F09DB7F-65A2-44C7-98BC-E3E3C51EFDC8
428,15,2017,Trim. 4,diciembre,13,427,E6232583-AFCE-4F5F-BAC8-A5B06664FF70
430,11,2017,Trim. 4,diciembre,13,429,13DEB0A3-955A-4A10-8967-693F8F997CB0
432,11,2017,Trim. 4,diciembre,13,431,48E8A5B2-4CB8-4499-AEA9-2247E33B73B4
434,11,2017,Trim. 4,diciembre,13,433,24BD32B1-1EBF-47BB-9ABD-C04A1D81A19E
436,11,2017,Trim. 4,diciembre,13,435,3B218536-6495-457D-84CC-3C11FD5142B9
438,11,2017,Trim. 4,diciembre,13,437,9A618F3B-A74B-4A55-B1D4-A646E9F031AC
440,11,2017,Trim. 4,diciembre,13,439,6F95C549-5F77-4781-AE42-C8DCD6E3801E
442,11,2017,Trim. 4,diciembre,13,441,E8F20067-FCF1-49AC-A865-A6E3D39565B4
444,11,2017,Trim. 4,diciembre,13,443,7FAB1AA3-009F-49B2-88AB-23B8501BE643
446,11,2017,Trim. 4,diciembre,13,445,C6F282B7-3C61-45E3-BFDC-F5759468E54A
448,15,2017,Trim. 4,diciembre,13,447,DF410B36-588A-437F-818D-EFA37392CB05
450,15,2017,Trim. 4,diciembre,13,449,25A287AA-A9BE-495E-8C1A-44729A598148
452,15,2017,Trim. 4,diciembre,13,451,729DBB82-ED84-42F2-91C2-EC78980AAE81
454,15,2017,Trim. 4,diciembre,13,453,A88D38C2-555D-4B52-946C-19B0D5E3E987
456,15,2017,Trim. 4,diciembre,13,455,FBB75991-E5E9-40C1-B04D-BA4D868F4785
458,15,2017,Trim. 4,diciembre,13,457,AE66FC40-0FF3-4D0A-8556-ED43C0E75E2E
460,14,2017,Trim. 4,diciembre,13,459,0A43DF68-A7BE-45EC-83B7-FCB97799B91B
462,14,2017,Trim. 4,diciembre,13,461,45AB073D-1359-4C5C-86EA-A88EEFB7FF6D
464,14,2017,Trim. 4,diciembre,13,463,B4290ADF-B4AD-4F11-8EC6-CC5816DD341A
466,15,2017,Trim. 4,diciembre,13,465,3C475491-9655-4037-99E0-553A1C9F0690
468,15,2017,Trim. 4,diciembre,13,467,6EE52D26-F6FA-48AB-8E23-EC993459AB57
470,15,2017,Trim. 4,diciembre,13,469,4FF4E821-6317-4FD7-97C9-503E01E6F03B
472,14,2017,Trim. 4,diciembre,13,471,59EFC73A-6863-4635-B27F-2470116442BB
474,14,2017,Trim. 4,diciembre,13,473,ED149A29-71C3-4CAB-A7F1-A4BE14D2B728
476,14,2017,Trim. 4,diciembre,13,475,6F02E4A5-AAEE-4CB1-AFD4-14AD326F6EC5
478,14,2017,Trim. 4,diciembre,13,477,B11E92D1-4857-44D1-9DBB-3B7AC268A168
480,14,2017,Trim. 4,diciembre,13,479,5222158C-33A5-4647-8DDF-9FC97097C3E9
482,14,2017,Trim. 4,diciembre,13,481,147D1ABC-259D-4D61-BD36-D8B9A3DD2C41
484,15,2017,Trim. 4,diciembre,13,483,7696EB76-B2BD-477E-B3D9-24820DC05F51
486,15,2017,Trim. 4,diciembre,13,485,F98BB138-4A7C-4EDA-81B6-5883F8802BD7
488,15,2017,Trim. 4,diciembre,13,487,AD449824-295E-4206-BD1E-BD2B1C40BBEA
490,11,2017,Trim. 4,diciembre,13,489,70A6A65B-7CDC-4543-8FAA-2E85611BFD6D
492,11,2017,Trim. 4,diciembre,13,491,D0F1AF66-3771-4FBE-9E3D-598A07AD65A2
494,11,2017,Trim. 4,diciembre,13,493,05591982-37D3-4573-837E-1E22BA505E55
496,15,2017,Trim. 4,diciembre,13,495,297F31BF-856E-4611-B96D-4B2175B60602
498,15,2017,Trim. 4,diciembre,13,497,D9A4597B-E7B9-4DDA-A0F3-A58D65A08D93
500,15,2017,Trim. 4,diciembre,13,499,A7799A5A-5F6E-4C8A-A2AB-B4145A7C64DC
502,15,2017,Trim. 4,diciembre,13,501,F4FA9121-3C10-40FF-BBED-4B8FDC51EC21
504,15,2017,Trim. 4,diciembre,13,503,EDC2CCDE-94F0-49DD-900F-273D0759A4BE
506,15,2017,Trim. 4,diciembre,13,505,16A22928-DB85-4248-9BF4-67B3F04638E5
508,11,2017,Trim. 4,diciembre,13,507,9469D670-7BD2-4DC6-8AB4-3BF10565FB37
510,11,2017,Trim. 4,diciembre,13,509,21A138C7-A5BB-4C44-A4A1-5B44A37E0EF1
512,15,2017,Trim. 4,diciembre,13,511,BCE0B468-E495-4AD6-8B5F-602954F2A55D
514,15,2017,Trim. 4,diciembre,13,513,8E581ED6-84C4-4BA8-BBC9-D1ACA8A8F8D9
516,11,2017,Trim. 4,diciembre,13,515,9D458542-012D-4E03-A8C7-DE6C07497B61
518,11,2017,Trim. 4,diciembre,13,517,5D5721EA-84D4-42B9-AFD2-F05FCD3DC16A
520,11,2017,Trim. 4,diciembre,13,519,0AC1244A-7CFE-4EAB-B0CD-96CD711ECE9E
522,14,2017,Trim. 4,diciembre,13,521,0D667194-343E-48AB-B636-BBEC46B26344
524,14,2017,Trim. 4,diciembre,13,523,8B00A710-7EB2-469B-842B-14EE6D43C58F
526,14,2017,Trim. 4,diciembre,13,525,BC5D2E56-3018-4564-9953-A5A036522409
528,14,2017,Trim. 4,diciembre,13,2009,BF0D55D9-9D51-4849-AFA2-1E81BD3312B9
528,15,2017,Trim. 4,diciembre,13,527,4845412C-A5F9-4647-AE10-9D50904A289B
530,11,2017,Trim. 4,diciembre,13,2008,619400F2-F097-480D-A171-9F6F4CD0043C
530,15,2017,Trim. 4,diciembre,13,529,E22D3ECD-AAB0-4C19-A0D5-9012E2010BAD
532,11,2017,Trim. 4,diciembre,13,2007,5AB491C0-764F-4D33-B502-42BC5833D7C2
532,15,2017,Trim. 4,diciembre,13,531,60885963-7955-4785-BF50-1F490A35EC4E
534,14,2017,Trim. 4,diciembre,13,533,D90B188C-2B3D-47A8-84A6-756701778F53
536,14,2017,Trim. 4,diciembre,13,535,2E4D090F-9E65-479B-B021-93AD772CD346
538,14,2017,Trim. 4,diciembre,13,537,E2899E31-BB2E-43C3-A373-4A5BAC33062B
540,14,2017,Trim. 4,diciembre,13,539,C6F04C9E-C446-423E-BB29-7C1A3955ED4F
542,15,2017,Trim. 4,diciembre,13,541,5B1B9196-4275-46BA-88C0-A9D6FF1D8CEE
544,15,2017,Trim. 4,diciembre,13,543,5DC57F71-88B3-43E9-B2A2-AB3A1419B6A5
546,11,2017,Trim. 4,diciembre,13,545,3727765D-AEED-4215-BB76-6FC57B9D727A
548,11,2017,Trim. 4,diciembre,13,547,7D944192-598F-4D26-8148-FA45E9201AAA
550,11,2017,Trim. 4,diciembre,13,549,3930ACB3-8BC0-465F-ACDA-DCD460A30589
552,15,2017,Trim. 4,diciembre,13,551,4F63ECCB-61AA-41B2-BAED-0836BA94DA6B
554,15,2017,Trim. 4,diciembre,13,553,B15DB61E-A432-40EC-B912-7F26D7C98A46
556,14,2017,Trim. 4,diciembre,13,2036,94B391A1-7134-4F71-8C86-16C2BCEDD1D8
556,15,2017,Trim. 4,diciembre,13,555,7570804D-B79C-4700-B67A-F4F74EC9EB38
558,15,2017,Trim. 4,diciembre,13,557,08B278F6-49C3-44BD-B682-85B7DCE9B87C
560,15,2017,Trim. 4,diciembre,13,559,F0A14131-68EC-49A5-9489-3DD6C8B1AD73
562,14,2017,Trim. 4,diciembre,13,561,055F9D68-6CBE-4628-9F0C-20E989E82CD9
564,14,2017,Trim. 4,diciembre,13,563,2AEFBBC8-5BC6-4944-BD77-6E1D76D4BA12
566,11,2017,Trim. 4,diciembre,13,565,B37517D9-2E0D-4BDE-BE9E-F606366688F3
568,11,2017,Trim. 4,diciembre,13,567,36622DB3-B692-4ED7-9F45-D87C29FF57B7
570,11,2017,Trim. 4,diciembre,13,569,03C0565B-7BEF-4C64-8386-E0B4E40CF464
572,15,2017,Trim. 4,diciembre,13,571,CB38A0DC-D66A-473E-9F51-379236C52C61
574,15,2017,Trim. 4,diciembre,13,573,34F0D280-FA6C-43D0-8E8E-71548B625CFB
576,15,2017,Trim. 4,diciembre,13,575,C7EFA75F-03D6-4D80-8FF5-1F68EC3F1674
578,15,2017,Trim. 4,diciembre,13,577,1482E4B5-B80E-4F0E-8948-476353FCFC3B
580,14,2017,Trim. 4,diciembre,13,579,BA3E6786-985E-4668-A4BA-EF26F9B75447
582,14,2017,Trim. 4,diciembre,13,581,781349A5-17AF-4F74-BD02-9A4AABD0E518
584,14,2017,Trim. 4,diciembre,13,583,BC34EE87-86C9-4F66-A1CD-B318DEDC4723
586,15,2017,Trim. 4,diciembre,13,585,C5F03461-7B2E-4282-8A24-9D1AAE324250
588,15,2017,Trim. 4,diciembre,13,587,2D1EA847-4A00-48A6-959B-01AFD7CB6803
590,15,2017,Trim. 4,diciembre,13,589,E65905FC-710A-4E1E-A4E1-0CDF876EBB02
592,14,2017,Trim. 4,diciembre,13,591,1FBA73E3-FF97-47B1-9E08-4346425771A0
594,14,2017,Trim. 4,diciembre,13,593,87CD6F4F-8F8B-4CCB-A79C-EA5FA4B2915F
596,14,2017,Trim. 4,diciembre,13,595,B7E8716A-504C-458A-8DE1-C7F7840235AD
598,11,2017,Trim. 4,diciembre,13,597,FA9C4EF2-D0C8-499F-90FC-86C0077509D5
600,11,2017,Trim. 4,diciembre,13,599,B8137079-D04E-40AC-9DB0-921F62D19BE2
602,11,2017,Trim. 4,diciembre,13,601,B3B58F49-3FAD-4E49-9E73-C094D0C39E7F
604,15,2017,Trim. 4,diciembre,13,603,B42B4ED6-062A-4E71-9618-884A13222966
606,15,2017,Trim. 4,diciembre,13,605,ECBEC299-BC18-4E22-A19D-495968E629DD
608,15,2017,Trim. 4,diciembre,13,607,2F00D749-DF30-452A-AB1A-969D78012AE1
610,15,2017,Trim. 4,diciembre,13,609,13B7F876-A60D-4C93-8C27-EA9DDD201DEF
612,14,2017,Trim. 4,diciembre,13,611,75478780-AF31-4419-8D7B-3EA10723D384
614,14,2017,Trim. 4,diciembre,13,613,6F7C73FD-64C8-4737-9B22-32E866423C86
616,14,2017,Trim. 4,diciembre,13,615,76D2A5D3-16B0-44B2-80FC-CC622BCFB29C
618,14,2017,Trim. 4,diciembre,13,617,415128AA-17CE-49FA-96D2-D72053B9D1A4
620,14,2017,Trim. 4,diciembre,13,619,ADBAE383-A511-4262-9475-AC6453EC2138
620,15,2017,Trim. 4,diciembre,13,2012,24F5A2B5-C714-4A6A-BFA0-ED0C31ACA37C
622,14,2017,Trim. 4,diciembre,13,621,C55B9ABE-B213-4840-BCF8-770E014A3CE0
622,15,2017,Trim. 4,diciembre,13,2013,6981A1D0-BE57-4FA4-A1A7-B7EFA5C3DBA6
624,11,2017,Trim. 4,diciembre,13,2014,4316C277-F309-487F-B9D6-CACED845B23E
624,14,2017,Trim. 4,diciembre,13,623,33F207C3-0BDE-48B3-AD4F-5919DE95CD2D
626,14,2017,Trim. 4,diciembre,13,625,697913C2-6DB9-44C4-9D0C-44DD534EC8F5
628,14,2017,Trim. 4,diciembre,13,627,2E97F442-41E8-47A6-B698-0126447B1478
630,15,2017,Trim. 4,diciembre,13,629,6F21C193-3E3D-4745-94D4-98C35C9D1551
632,15,2017,Trim. 4,diciembre,13,631,A7ABDE2A-DF1A-4BBC-AAB3-88A60D78D836
634,15,2017,Trim. 4,diciembre,13,633,3B8AF2C1-FC89-4212-825A-5FBE9B673C14
636,15,2017,Trim. 4,diciembre,13,635,0594E73C-24CE-452B-9FF9-FCFBB942E07A
638,15,2017,Trim. 4,diciembre,13,637,231820CD-73AF-4584-8374-497ADA5B3673
640,15,2017,Trim. 4,diciembre,13,639,2D6B89D0-5E2B-4739-B03E-F970A0FD800B
642,14,2017,Trim. 4,diciembre,13,641,45E39004-8430-4AD6-A8C5-A49EABE23AD1
642,15,2017,Trim. 4,diciembre,13,2010,49D1C883-CD61-4279-9192-B8A3D371514A
644,11,2017,Trim. 4,diciembre,13,2011,661F5C8D-B702-4EEA-A01A-27C626F441FF
644,14,2017,Trim. 4,diciembre,13,643,BC1D7F9B-55C9-4F68-A60A-31E2F326C53F
646,11,2017,Trim. 4,diciembre,13,645,2E82F730-81A4-4321-9296-FBD852B0AEB9
648,11,2017,Trim. 4,diciembre,13,647,B128FB82-DDD0-43E7-8D7A-7D117A979072
650,11,2017,Trim. 4,diciembre,13,649,EC32201C-B8ED-40EE-B787-54313A4A9AF4
652,14,2017,Trim. 4,diciembre,13,651,535368EB-C789-426C-BC96-E7F66716E63F
654,14,2017,Trim. 4,diciembre,13,653,843791B6-9B34-485C-9667-8BE19DF02935
656,14,2017,Trim. 4,diciembre,13,655,4214BF34-7045-40F3-AA24-7557FBC5ED79
658,14,2017,Trim. 4,diciembre,13,657,281111C5-D2F1-4B66-B70A-7709BB4850CC
660,14,2017,Trim. 4,diciembre,13,659,33C19767-5684-408A-8B01-1AF7A76AD3CB
662,14,2017,Trim. 4,diciembre,13,661,C8F15F79-F822-4330-B30F-FE3163BB3B2B
664,11,2017,Trim. 4,diciembre,13,663,DFD2CA01-C36B-49A1-B1F0-444299EE8E1F
666,11,2017,Trim. 4,diciembre,13,665,298A827A-F529-4639-87E7-C4E7F0D9968F
668,11,2017,Trim. 4,diciembre,13,667,4A36FDB7-AF34-4691-88CF-0B6CCC8E7B2C
670,11,2017,Trim. 4,diciembre,13,669,CA808211-AC0C-43DA-B853-0A961038F981
672,11,2017,Trim. 4,diciembre,13,671,A964D3FC-204C-4DDB-8339-485268DCB8E9
674,11,2017,Trim. 4,diciembre,13,673,66AB5137-3750-4F9C-A3AC-CD244DC93ED1
676,15,2017,Trim. 4,diciembre,13,675,5C159BC4-EA77-43FF-8A51-4C500DCD4D2D
678,15,2017,Trim. 4,diciembre,13,677,68FA6066-5A2A-4AAE-BE24-48E147A03CA6
680,15,2017,Trim. 4,diciembre,13,679,7762F849-4439-49C0-AD3E-B60B19C33859
682,15,2017,Trim. 4,diciembre,13,681,45456658-CF0E-4BBB-B716-6CF97C14D239
684,15,2017,Trim. 4,diciembre,13,683,AB86E93E-228E-457E-A2EE-24A9968830D5
686,15,2017,Trim. 4,diciembre,13,685,DDF75C52-2720-4C61-A0FE-DE921BB680E5
688,15,2017,Trim. 4,diciembre,13,687,2DAE7545-2F88-41AD-B74C-42AA44B0860A
690,14,2017,Trim. 4,diciembre,13,689,FE05D84C-BA1D-4899-9064-24226D0CB4AE
692,14,2017,Trim. 4,diciembre,13,691,28C542DF-EB4F-4ADA-83C8-246899196849
694,14,2017,Trim. 4,diciembre,13,693,47596B67-6247-43D0-91D0-9FC64AB1AE88
696,14,2017,Trim. 4,diciembre,13,695,453F76B0-93BA-4DBD-BFEC-8824DECDC1C7
698,14,2017,Trim. 4,diciembre,13,697,247B233F-3F9D-4F92-9AC5-921EF705250E
700,15,2017,Trim. 4,diciembre,13,699,13288046-411F-4220-844D-AECE22FC91C1
702,15,2017,Trim. 4,diciembre,13,701,DC3917C4-7100-41B2-B616-04D2A262F91F
704,15,2017,Trim. 4,diciembre,13,703,57C23006-ECD9-4A43-AB70-065C0A7A195D
706,15,2017,Trim. 4,diciembre,13,705,AC400EAC-FAF4-4E1B-915F-6EB091F90A0C
708,15,2017,Trim. 4,diciembre,13,707,F9B01E8C-C372-478D-84EA-28A05C35944E
710,15,2017,Trim. 4,diciembre,13,709,35A4367B-4DA3-40D4-BB4F-40F3AA063C6F
712,15,2017,Trim. 4,diciembre,13,711,2ABA1A33-AB77-4FA6-AA84-494FFA2870E8
714,15,2017,Trim. 4,diciembre,13,713,4261845F-285A-446C-A52E-5BA77CF1F72D
716,15,2017,Trim. 4,diciembre,13,715,7E667B74-F8D9-4E27-8F76-29BD8C7AFA9C
718,15,2017,Trim. 4,diciembre,13,717,40B20B15-1C18-40E6-8439-88A86BC1D56B
720,15,2017,Trim. 4,diciembre,13,719,5D72C751-4498-49BF-94B1-A67AD4CAA51F
722,15,2017,Trim. 4,diciembre,13,721,4EEC6753-7D87-4BAE-A820-A99AF4F5B62B
724,15,2017,Trim. 4,diciembre,13,723,2A40AFEB-1AA8-42CC-A9EC-14718643164F
726,15,2017,Trim. 4,diciembre,13,725,87682867-8EE0-4AAA-A4D2-A6A6DCEBAFCA
728,15,2017,Trim. 4,diciembre,13,727,9E544DD9-2360-436B-BBE4-8363DFE0A60A
730,15,2017,Trim. 4,diciembre,13,729,A2F7CCE6-C373-4D60-8957-0AFE2327B2E2
732,15,2017,Trim. 4,diciembre,13,731,0252164B-7F75-4E63-B8C6-D188510CDA1E
734,15,2017,Trim. 4,diciembre,13,733,056136B8-E60C-49C7-A0F0-F492FF1D3059
736,15,2017,Trim. 4,diciembre,13,735,2AF7D25A-EAEC-4069-A675-7B03FA27C3D2
738,15,2017,Trim. 4,diciembre,13,737,5D3B9C7C-A8F7-41CC-91DD-C991C5D9C539
740,15,2017,Trim. 4,diciembre,13,739,B79D40E0-888E-499B-97F0-0D21DB834837
742,15,2017,Trim. 4,diciembre,13,741,F93F0130-04B4-464E-BB0D-26B1BC3C60B9
744,15,2017,Trim. 4,diciembre,13,743,C498029A-156E-4275-9B05-056361CB5758
746,15,2017,Trim. 4,diciembre,13,745,991D203F-43C8-4CF7-9681-BAE8321B7AF7
748,15,2017,Trim. 4,diciembre,13,747,61CC315F-41D8-475A-839A-2A632BE4F4D8
750,15,2017,Trim. 4,diciembre,13,749,451BBF82-4466-40F7-AC33-B599B9D488C5
752,15,2017,Trim. 4,diciembre,13,751,FF0778F5-100C-4ED9-A198-CC5C7632F271
754,15,2017,Trim. 4,diciembre,13,753,BAC6EF19-C311-4442-89D7-283AEBC14E4B
756,15,2017,Trim. 4,diciembre,13,755,874629E6-FD65-4D5D-9F3D-1F8A73D0D350
758,14,2017,Trim. 4,diciembre,13,757,A4E5551F-C96A-453E-9C79-8EE38DDEB181
760,14,2017,Trim. 4,diciembre,13,759,4CD2130A-4395-4EA5-9B64-F0CF4078098B
762,14,2017,Trim. 4,diciembre,13,761,30610849-4AFD-429E-A320-D04007E695EB
764,14,2017,Trim. 4,diciembre,13,763,83B768F2-EA37-45BD-BEF8-068ED911F782
766,14,2017,Trim. 4,diciembre,13,765,C649DE10-33D6-40BE-8323-D0BAE356D662
768,14,2017,Trim. 4,diciembre,13,767,D36A263D-1629-4E08-AD24-23F72CE9C309
770,14,2017,Trim. 4,diciembre,13,769,4E02665B-5003-48DB-B88A-589A1405F133
772,14,2017,Trim. 4,diciembre,13,771,A462E3A1-654F-472D-848A-CAEDFC8AEB50
774,14,2017,Trim. 4,diciembre,13,773,3450F92E-AFD3-442B-9EEE-57587943D413
776,14,2017,Trim. 4,diciembre,13,775,A87E6B07-4205-4A06-8EFB-CFB2A2039B67
778,14,2017,Trim. 4,diciembre,13,777,A3E91440-A773-405D-ACC1-CA60CDD9F23D
780,14,2017,Trim. 4,diciembre,13,779,C3B4A681-43DF-445E-B7F0-03D0D80222EF
782,14,2017,Trim. 4,diciembre,13,781,2C05B4D5-2A9C-4225-9A69-8A545C210FCE
782,15,2017,Trim. 4,diciembre,13,2031,B59969CB-A93D-4715-A0F5-EDF6A9E42AD8
784,11,2017,Trim. 4,diciembre,13,2032,977A9FB5-1100-4165-91BE-43387F6C0D44
784,14,2017,Trim. 4,diciembre,13,783,12DDE48E-D94C-469D-B804-ED93FDBFE477
786,11,2017,Trim. 4,diciembre,13,2033,1ED046B7-C9B0-4037-8A95-FEDB72037807
786,14,2017,Trim. 4,diciembre,13,785,F519A729-23EB-424A-940F-A99BDE7AD77A
788,14,2017,Trim. 4,diciembre,13,787,C0B1E25A-4C8C-4276-903A-A7CAF0AF13EB
788,15,2017,Trim. 4,diciembre,13,2034,176E8EEA-E62D-4254-A2BA-10757C1D8364
790,11,2017,Trim. 4,diciembre,13,2035,448F0D4F-0834-4954-9F4D-07E6B7F3DA33
790,14,2017,Trim. 4,diciembre,13,789,DE81BF7A-15C0-4923-BBA9-3209AD60C1D3
792,14,2017,Trim. 4,diciembre,13,791,F95744EE-F7A7-44F5-86A8-B24E5A9C7A24
794,14,2017,Trim. 4,diciembre,13,793,813761EC-DA7A-4D0F-B0E2-DEF929083ECF
796,14,2017,Trim. 4,diciembre,13,795,C813AA9E-9E2E-4BE2-8F5E-41C3D3EFC2AC
798,14,2017,Trim. 4,diciembre,13,797,B6814BAA-FF02-45A4-A69C-5233F080D51E
800,14,2017,Trim. 4,diciembre,13,799,9D878D12-23E7-435B-A5A6-2006F7BD13C0
802,15,2017,Trim. 4,diciembre,13,801,97810EE1-91B5-4EEB-A038-4A0170FD69DE
804,14,2017,Trim. 4,diciembre,13,803,5E24D997-E300-49C9-8A60-96DC82C9E04F
806,14,2017,Trim. 4,diciembre,13,805,BCCD09BB-220B-45F2-AEDC-6D155951093D
808,14,2017,Trim. 4,diciembre,13,807,0D7DCA6B-0B6C-420F-B63C-99BC53520374
810,14,2017,Trim. 4,diciembre,13,809,32653899-49FB-4731-A788-808A6972927C
812,11,2017,Trim. 4,diciembre,13,811,88F19779-6B5D-436F-84FA-DBB60A7E84F5
814,11,2017,Trim. 4,diciembre,13,813,BAB5F0C8-2A67-4F1E-95D4-143C2A68AC01
816,11,2017,Trim. 4,diciembre,13,815,E00492EF-C073-4668-B79A-74D66AC5F54F
818,11,2017,Trim. 4,diciembre,13,817,2A8A9977-1CE2-4F2F-9278-3870E8CB59B2
820,11,2017,Trim. 4,diciembre,13,819,C544874C-6060-461B-8C7C-276BE645533F
822,14,2017,Trim. 4,diciembre,13,821,C06488DC-1F77-40F1-8B1B-87A6B5BB0BB0
824,14,2017,Trim. 4,diciembre,13,823,77DA4F09-031F-4318-847D-B747CFE2F346
826,14,2017,Trim. 4,diciembre,13,825,1873F5D1-1CD7-4276-9C77-84A563AB80DA
828,14,2017,Trim. 4,diciembre,13,827,30052667-C6FC-4248-AD13-8585F27E0A15
830,14,2017,Trim. 4,diciembre,13,829,09295AAB-B00B-4766-8C9A-4BB20DAC8C07
832,14,2017,Trim. 4,diciembre,13,831,589E0EB0-DBF4-40DA-8783-145C8FBD2CDA
834,14,2017,Trim. 4,diciembre,13,833,445389B9-E18D-4276-8823-14FE5DEEA518
836,14,2017,Trim. 4,diciembre,13,835,CD9DE522-72C6-4F7F-92EE-BBB8BF797789
838,14,2017,Trim. 4,diciembre,13,837,2D03970D-00C4-42F6-91E5-F7A51DAE2863
840,14,2017,Trim. 4,diciembre,13,839,3A7ABFAA-4B56-4C10-A249-DBFA807018C1
842,14,2017,Trim. 4,diciembre,13,841,230E4183-B02F-4E48-A7ED-9E3D0B62452D
844,14,2017,Trim. 4,diciembre,13,843,9EE24B77-6EDC-4EF7-A1FF-5E1A7BA9350C
846,14,2017,Trim. 4,diciembre,13,845,E454F882-6EC7-4334-8067-A41C8B6579F0
848,14,2017,Trim. 4,diciembre,13,847,52EBFECD-FB7D-46A2-A91E-4DF6A9383DBD
850,14,2017,Trim. 4,diciembre,13,849,3D5CE04B-EB98-4C89-BE12-A1AAC5C058F2
852,14,2017,Trim. 4,diciembre,13,851,65E2234B-4944-41B6-99C2-10D038614CED
854,14,2017,Trim. 4,diciembre,13,853,ABDDC6A5-72B5-4B82-A8B4-647E3A58CC30
856,14,2017,Trim. 4,diciembre,13,855,0780B8F8-0507-4325-BEA0-8EA60AB39B4B
858,14,2017,Trim. 4,diciembre,13,857,C14BB89A-A135-4A09-87CC-9D051517A573
860,14,2017,Trim. 4,diciembre,13,859,4B9E42EB-8F22-4B3E-A371-1A14DEE37AB7
862,14,2017,Trim. 4,diciembre,13,861,EA411C7B-D166-4632-9E0F-4903DC1EDCE0
864,14,2017,Trim. 4,diciembre,13,863,1964FC65-5B49-471F-BBFF-CB55C7E60D89
866,14,2017,Trim. 4,diciembre,13,865,D0665F93-B272-46A1-9667-0310FC8C52A3
868,14,2017,Trim. 4,diciembre,13,867,52EB7A19-92CA-45E4-84C9-27956ECC180D
870,14,2017,Trim. 4,diciembre,13,869,4A314FB4-39BC-4069-85AE-3B114AECE769
872,14,2017,Trim. 4,diciembre,13,871,E76A1936-B54B-4A6C-BEE8-FCC9BA5356B0
874,14,2017,Trim. 4,diciembre,13,873,E39D80A9-C23A-4A57-A7A6-296F6F3FDC8C
876,14,2017,Trim. 4,diciembre,13,875,52D5D2A5-7E95-4591-A11B-90B8862A683B
878,14,2017,Trim. 4,diciembre,13,877,9F1C0D2E-5D6C-4A60-9671-BFF4AADDE988
880,14,2017,Trim. 4,diciembre,13,879,B97886F0-2F38-4159-92CC-9DAB0D0D1662
882,14,2017,Trim. 4,diciembre,13,881,F42FA85C-152D-447A-A2A7-E988A8D598B9
884,14,2017,Trim. 4,diciembre,13,883,393C0466-2AC5-4F2E-B71B-3F8B1B1EE603
886,14,2017,Trim. 4,diciembre,13,885,4EF43FAB-B7DD-47D0-9D9F-3B007D9CA66D
888,14,2017,Trim. 4,diciembre,13,887,BFE8577A-A3D6-4C0F-9CF3-34C10E92EB83
890,14,2017,Trim. 4,diciembre,13,889,105B3F0A-2D02-4F32-B7F4-C942919D807C
892,14,2017,Trim. 4,diciembre,13,891,5B51341E-FB43-45F6-B8AD-0DF5067D985F
894,15,2017,Trim. 4,diciembre,13,893,EA7A6D54-4CDA-4227-BC6D-7078FFDF51EE
896,15,2017,Trim. 4,diciembre,13,895,1CC2705D-E1C0-434C-94BD-DE75699D9352
898,15,2017,Trim. 4,diciembre,13,897,A9BD2FD0-6EF6-4427-AA2F-E22A3DC6F332
900,15,2017,Trim. 4,diciembre,13,899,F4C5E574-CB8A-4A8B-A8CF-46C0E313FEA8
902,15,2017,Trim. 4,diciembre,13,901,5C23420E-FD71-4B4D-9B11-1E657F6AC940
904,15,2017,Trim. 4,diciembre,13,903,D6AD717A-69B7-4BFE-A678-2E48D4041CBE
906,15,2017,Trim. 4,diciembre,13,905,4ECBE2B4-F43F-4FE5-8FEC-1438ECA37FEE
908,15,2017,Trim. 4,diciembre,13,907,08857A92-841C-4A68-8CD0-6467A29EA3E9
910,15,2017,Trim. 4,diciembre,13,909,C7EDD7F6-8E79-4424-B95C-737A6D079182
912,15,2017,Trim. 4,diciembre,13,911,C5F2935D-E17C-4A0E-BD28-E0A014F025A9
914,15,2017,Trim. 4,diciembre,13,913,9D2067CE-F8B2-4A82-A097-5223007F9510
916,15,2017,Trim. 4,diciembre,13,915,4FAE0B9C-5AAF-4019-96EE-D3E74F2D9357
918,15,2017,Trim. 4,diciembre,13,917,B568B735-7E08-4440-850D-C9A0AC38A4E1
920,15,2017,Trim. 4,diciembre,13,919,F089FF06-125D-4443-975E-2B2F4303DB66
922,15,2017,Trim. 4,diciembre,13,921,EF2A3D8B-948F-46D7-9881-6A729E90BD79
924,15,2017,Trim. 4,diciembre,13,923,B8200550-4C8A-47EC-8000-82223705C59E
926,15,2017,Trim. 4,diciembre,13,925,67C602CF-3A9D-445A-A00D-471AC990D94E
928,11,2017,Trim. 4,diciembre,13,927,2EE6DDCB-2DD3-48A1-A4FF-440E16A4DFBC
930,11,2017,Trim. 4,diciembre,13,929,9FDDA29F-32EB-48AC-B828-59B372D27144
932,11,2017,Trim. 4,diciembre,13,931,FF13563A-7230-49B7-AD27-3A36153340E0
934,11,2017,Trim. 4,diciembre,13,933,080A7C86-10A9-4F4A-9370-701E5648BF6C
936,11,2017,Trim. 4,diciembre,13,935,0DCCACF7-119F-4AF6-B64A-EDCDB3D55951
938,11,2017,Trim. 4,diciembre,13,937,FEF9D511-C4DB-4CB6-8792-9558381CFE4C
940,11,2017,Trim. 4,diciembre,13,939,72160CB7-3CA9-4D7B-AE7A-F2BFA75186C7
942,11,2017,Trim. 4,diciembre,13,941,02F39F48-8152-4142-B191-731F0119FA66
944,15,2017,Trim. 4,diciembre,13,943,6084F815-960F-4A1A-9DCF-B057F493A477
946,15,2017,Trim. 4,diciembre,13,945,EE3ED44F-8398-4050-B243-431996E45BCA
948,15,2017,Trim. 4,diciembre,13,947,670D9C39-A2A8-47FA-BBB6-B01A014B8E95
950,15,2017,Trim. 4,diciembre,13,949,364733C3-1E75-4461-BEFB-23978A20BB8E
952,15,2017,Trim. 4,diciembre,13,951,0E19BA6F-63B4-4640-86FC-AF27F2AA1125
954,14,2017,Trim. 4,diciembre,13,953,51B4EE63-DF9C-4DE0-940D-4E5938FF8D18
956,14,2017,Trim. 4,diciembre,13,955,86217E74-9A29-45DA-8FF7-B78B4CE6E41A
958,14,2017,Trim. 4,diciembre,13,957,F6B14D5C-821E-4BB6-AEE2-047C3A8DD049
960,14,2017,Trim. 4,diciembre,13,959,01422957-23AE-4079-AFBA-07000F64B4A1
962,14,2017,Trim. 4,diciembre,13,961,FF18D157-D0CF-4B67-AD14-F7E1DBCABA14
964,14,2017,Trim. 4,diciembre,13,963,FF407DA9-018C-4726-A8FC-5E3A5F475E7F
966,14,2017,Trim. 4,diciembre,13,965,1ACF8C2B-50AF-4F17-BB32-75D973C795D0
968,14,2017,Trim. 4,diciembre,13,967,C02403FB-4AAB-4EA0-8536-4B2511E72EBC
970,14,2017,Trim. 4,diciembre,13,969,D506CC41-34F0-4A8F-A0F4-69475B2165F2
972,14,2017,Trim. 4,diciembre,13,971,85B6953E-EC0B-4125-BB4D-D26FA3827130
974,14,2017,Trim. 4,diciembre,13,973,860CB636-702C-48B1-9CAF-47456912DF74
976,14,2017,Trim. 4,diciembre,13,975,87DF53AA-98A9-4123-9D08-476EC2EA1786
978,14,2017,Trim. 4,diciembre,13,977,965F63F8-9582-4963-AEF2-5AF67155AAE8
980,14,2017,Trim. 4,diciembre,13,979,F14CEA84-2318-448D-902F-9F5887B92B50
982,14,2017,Trim. 4,diciembre,13,981,136CC971-5508-4453-BB4D-3E37C6A79BE8
984,14,2017,Trim. 4,diciembre,13,983,6A1F2432-C41C-4182-BD61-E51A7C5157B4
986,14,2017,Trim. 4,diciembre,13,2006,724C88E8-387F-467A-A973-5D5A95CB001A
986,15,2017,Trim. 4,diciembre,13,985,D102D411-973A-4234-9584-F6021DFA1A9A
988,11,2017,Trim. 4,diciembre,13,2005,D2B81214-8A6A-4C5D-926D-321CCFE2357D
988,15,2017,Trim. 4,diciembre,13,987,F11623EE-90C7-4AFF-96CB-C0BE23C660A3
990,11,2017,Trim. 4,diciembre,13,2004,77BDF3A4-7794-44C0-8243-AFA9B8E1EC5C
990,15,2017,Trim. 4,diciembre,13,989,4C8E529A-8B2E-43B0-A988-72B9057E2D68
992,14,2017,Trim. 4,diciembre,13,2003,18E3C763-A28D-4D62-89E2-D0E88DB8844E
992,15,2017,Trim. 4,diciembre,13,991,6FEED595-7BAB-43EC-AE6D-B0907E45EC58
994,11,2017,Trim. 4,diciembre,13,2002,AB65788B-2182-4EA6-B6C7-B0F0DDFC6C16
994,15,2017,Trim. 4,diciembre,13,993,9F87A169-3943-4B84-BB4B-645A3C1B491A
996,11,2017,Trim. 4,diciembre,13,2001,D64FE6FD-6908-4D87-9EC9-08BB1F71434C
996,15,2017,Trim. 4,diciembre,13,995,A7ACF0AC-AA71-4650-8754-F6540A5AE4EB
998,14,2017,Trim. 4,diciembre,13,2000,0AEE2960-588E-4DA5-A6BE-39B75E683121
998,15,2017,Trim. 4,diciembre,13,997,E60FEB74-48F5-4C9A-BAFC-D1007EEB7C10
1000,11,2017,Trim. 4,diciembre,13,1999,D0B1CD92-1FA9-4FCC-835C-140B4525EF65
1000,15,2017,Trim. 4,diciembre,13,999,6D0F091C-0E9F-4210-A1FA-33D4B33B5FA7
1002,11,2017,Trim. 4,diciembre,13,1998,ACADE29F-F749-41F8-BBC0-46BC9FF36DA1
1002,15,2017,Trim. 4,diciembre,13,1001,AA3101A7-293E-459A-9D4E-5120FA438641
1004,14,2017,Trim. 4,diciembre,13,1997,780C7B10-7D06-4EE4-B5A8-B1A93D85D05C
1004,15,2017,Trim. 4,diciembre,13,1003,3FE520A2-86D6-401A-95DE-58F569249B56
1006,11,2017,Trim. 4,diciembre,13,1996,99CC4808-F2C9-4CAA-B9FF-B24D7FB839C6
1006,15,2017,Trim. 4,diciembre,13,1005,38820D45-9182-4BDB-A272-98A6BD996BF1
1008,11,2017,Trim. 4,diciembre,13,1995,8628535E-1231-460D-BC3E-38982F236171
1008,15,2017,Trim. 4,diciembre,13,1007,CAB48BF3-5558-4ABF-9F53-00B6AFE1843D
1010,14,2017,Trim. 4,diciembre,13,1794,AD4298D7-30EC-4573-8AA9-F801487012C4
1010,15,2017,Trim. 4,diciembre,13,1009,0E8823B6-3489-4CD7-874A-B73FD94F2A4D
1012,11,2017,Trim. 4,diciembre,13,1793,933563EA-33A2-43B4-9150-477534DBAA18
1012,15,2017,Trim. 4,diciembre,13,1011,9E04E95C-4E07-4F73-9EEF-E1C39653BED8
1014,11,2017,Trim. 4,diciembre,13,1792,833A2C98-8759-4770-B042-0F5C50226A8D
1014,15,2017,Trim. 4,diciembre,13,1013,921FB3B7-0B8D-454A-81CB-7AB491AFF2ED
1016,14,2017,Trim. 4,diciembre,13,1791,D6D22A12-5EFD-4AF0-94A6-58583E080890
1016,15,2017,Trim. 4,diciembre,13,1015,28C28567-2405-45DF-83D8-E2DED2545A16
1018,11,2017,Trim. 4,diciembre,13,1790,AE5E35AA-3505-4680-805E-E8DDCE5E7F31
1018,15,2017,Trim. 4,diciembre,13,1017,2E7D9F80-E9A3-4639-9C1D-155DE1FD1A55
1020,11,2017,Trim. 4,diciembre,13,1789,04619ED4-4E5C-4DB5-9A29-0FD04DB6A57A
1020,15,2017,Trim. 4,diciembre,13,1019,1246CA5A-D2DF-408C-98DA-354995878103
1022,14,2017,Trim. 4,diciembre,13,1788,9D1A1395-4DF2-40E3-8E56-05CBDCB4E17A
1022,15,2017,Trim. 4,diciembre,13,1021,B2FB1848-D30A-4382-A6AE-2239201208F7
1024,11,2017,Trim. 4,diciembre,13,1787,04171511-79D9-475F-A4C6-1B7A1960CD00
1024,15,2017,Trim. 4,diciembre,13,1023,63E6F8F0-1929-448C-AE9C-91BE8B356D4F
1026,14,2017,Trim. 4,diciembre,13,1786,FC7102AE-DE2C-46BA-A789-1C32C9B82781
1026,15,2017,Trim. 4,diciembre,13,1025,3EA96AA7-4BB2-4F6A-8A75-A5C10DEE3448
1028,11,2017,Trim. 4,diciembre,13,1785,E58B9638-0524-4598-95AD-471C1025EAA9
1028,15,2017,Trim. 4,diciembre,13,1027,5560F200-6D68-46A0-9E56-4F2F97B3D3A4
1030,11,2017,Trim. 4,diciembre,13,1029,DEFFCBB6-ED8D-4272-906E-41CBBFE71277
1032,11,2017,Trim. 4,diciembre,13,1031,00A811E1-D1A5-47B0-8D94-1C6FBAC4C743
1034,11,2017,Trim. 4,diciembre,13,1033,682431C9-4C27-445E-A499-209422368E37
1036,11,2017,Trim. 4,diciembre,13,1035,3508D876-D04E-40AC-BBCE-EFF8A720B786
1038,11,2017,Trim. 4,diciembre,13,1037,1ED9A194-A171-4ED2-809A-15C5D979AE1F
1040,11,2017,Trim. 4,diciembre,13,1039,A9C9B610-2430-4788-B9F9-0C3FA6B562C0
1042,11,2017,Trim. 4,diciembre,13,1041,274D835A-359C-4B18-8B47-D47B0555B703
1044,11,2017,Trim. 4,diciembre,13,1043,69A75DAA-3099-4678-B9BC-38BFF117172A
1046,11,2017,Trim. 4,diciembre,13,1045,3D024D6E-1DAD-46EB-907A-FCC8CE540277
1048,11,2017,Trim. 4,diciembre,13,1047,7502485A-E36D-4A2A-A5C0-8D207E16B479
1050,11,2017,Trim. 4,diciembre,13,1049,D9069EC0-E6A6-474E-883C-E7F30175418C
1052,11,2017,Trim. 4,diciembre,13,1051,25E3F4AF-CD92-400F-9308-700ACDC4B2A5
1054,11,2017,Trim. 4,diciembre,13,1053,1AD3EAC8-F6F4-4FB5-8D30-1ACA17430A37
1056,11,2017,Trim. 4,diciembre,13,1055,CE5E745E-5D0F-490C-A0E7-AD56CAF70A0B
1058,11,2017,Trim. 4,diciembre,13,1057,61FA9306-AD9D-444A-8D6B-D05658602BF7
1060,11,2017,Trim. 4,diciembre,13,1059,EBC1C319-DD8C-420D-A9D3-9E9A9EC3299E
1062,11,2017,Trim. 4,diciembre,13,1061,55B1C077-6B07-4C13-A731-813B97A0D972
1064,11,2017,Trim. 4,diciembre,13,1063,81A2949F-025F-4F29-BCA8-AFED2940EE8B
1066,11,2017,Trim. 4,diciembre,13,1065,97FEDAD7-BB43-494E-B7C5-414E9306A12C
1068,11,2017,Trim. 4,diciembre,13,1067,BC51DED6-E47E-48B4-842F-CDB4ACA93C7A
1070,11,2017,Trim. 4,diciembre,13,1069,9F64240D-F99A-44E8-AF72-E75333CBE0B6
1072,11,2017,Trim. 4,diciembre,13,1071,F332EC35-90F1-4146-AE80-3B64164D23A9
1074,11,2017,Trim. 4,diciembre,13,1073,5649315A-2E88-4005-8067-7FADB163CBB4
1076,11,2017,Trim. 4,diciembre,13,1075,29A6C0E7-027F-4C56-BA90-B89E849E69F7
1078,11,2017,Trim. 4,diciembre,13,1077,2BFBDF50-33E6-40FE-BC87-22CAB76FB1ED
1080,11,2017,Trim. 4,diciembre,13,1079,AA7EA8F4-8DC1-4957-93EF-9EC652AE1A0C
1082,11,2017,Trim. 4,diciembre,13,1081,F5DAD19C-1193-46A6-9784-5CDBD8431A4C
1084,11,2017,Trim. 4,diciembre,13,1083,6BD06750-289C-4D68-862E-9F27C379E739
1086,11,2017,Trim. 4,diciembre,13,1085,02718E7E-0365-47C4-9008-3CC9CEFE5BE6
1088,11,2017,Trim. 4,diciembre,13,1087,B24DF078-14B4-479B-81D6-AF7D77276CA3
1090,11,2017,Trim. 4,diciembre,13,1089,E718EE8E-F38B-4AED-81B2-EB2C90F12158
1092,11,2017,Trim. 4,diciembre,13,1091,BAEBB365-59CF-4EBD-93EE-C9F568DB4E8B
1094,11,2017,Trim. 4,diciembre,13,1093,34BE38A6-7A59-47D7-9180-9713C3AD93E5
1096,11,2017,Trim. 4,diciembre,13,1095,A69DE8F7-BF01-4007-A224-C1140D50668E
1098,11,2017,Trim. 4,diciembre,13,1097,05A0B3C5-31D8-46A8-AE4F-069E2F4D6B76
1100,11,2017,Trim. 4,diciembre,13,1099,E02807D5-07BE-41D1-B609-A7F5117B42D2
1102,11,2017,Trim. 4,diciembre,13,1101,0F5EAB63-64C3-4611-B812-2CA4DD1D0D31
1104,11,2017,Trim. 4,diciembre,13,1103,2C74A535-91B7-489C-B9DE-3E54B101952E
1106,11,2017,Trim. 4,diciembre,13,1105,EBFF39DE-325B-4B7B-89BA-67C39C07C8B8
1108,11,2017,Trim. 4,diciembre,13,1107,87F0C472-ED04-4319-8762-45E736D9020F
1110,11,2017,Trim. 4,diciembre,13,1109,ABC46007-80B7-4107-8C4C-0EC7D023D525
1112,15,2017,Trim. 4,diciembre,13,1111,C9ACB2C5-8DCA-405C-8084-6A5D8C1633F9
1114,15,2017,Trim. 4,diciembre,13,1113,A87653AE-5450-4D3D-B0E3-7A0EE97FDBFF
1116,15,2017,Trim. 4,diciembre,13,1115,BF90D5FE-D1D4-4F46-9AEC-694C5FC0AB5D
1118,15,2017,Trim. 4,diciembre,13,1117,A2BE27FB-C6E1-433B-AA3B-22E2566CAAFA
1120,15,2017,Trim. 4,diciembre,13,1119,6010B9EF-F741-4618-91A0-AC516A0A8B3A
1122,14,2017,Trim. 4,diciembre,13,1121,B8B2758C-9567-461E-8F55-DF6BF29D26DB
1124,14,2017,Trim. 4,diciembre,13,1123,0E5962D8-1FC6-4BE5-B943-41D0CC0C7ADC
1126,14,2017,Trim. 4,diciembre,13,1125,4B2CB213-5BA2-4E98-AE7C-CF37D9002797
1128,14,2017,Trim. 4,diciembre,13,1127,6FC7F7D0-F54D-4519-BED9-CC5FFC410399
1130,14,2017,Trim. 4,diciembre,13,1129,8671A37E-AA1D-4098-9CC0-FA903979E677
1132,15,2017,Trim. 4,diciembre,13,1131,F3E2D6C6-B0BC-4F03-8C35-8251B0F0081F
1134,15,2017,Trim. 4,diciembre,13,1133,2F262723-F331-4AFD-8775-78F00AE28FC0
1136,15,2017,Trim. 4,diciembre,13,1135,922E42DA-740A-485F-9215-C744FC7121DC
1138,15,2017,Trim. 4,diciembre,13,1137,EDC62BA2-8E18-41E9-850B-64024B5A7447
1140,15,2017,Trim. 4,diciembre,13,1139,AD116DDB-C836-48E5-AC87-AA3211ABAFE6
1142,15,2017,Trim. 4,diciembre,13,1141,B3B93AE1-5794-4F57-85B5-AFF36B386597
1144,15,2017,Trim. 4,diciembre,13,1143,52ABAC26-A3DE-4429-9EC5-4C37C6BB30E3
1146,15,2017,Trim. 4,diciembre,13,1145,08D6A0BB-C2B6-4E65-A6FA-0C73FE85A5CE
1148,15,2017,Trim. 4,diciembre,13,1147,02B9B740-629D-43C7-9C53-15BEB7231FB8
1150,15,2017,Trim. 4,diciembre,13,1149,F3875AB8-1429-4C23-A440-3FFD05E45848
1152,15,2017,Trim. 4,diciembre,13,1151,21209C80-AD6A-4887-AA13-BB13345618FA
1154,15,2017,Trim. 4,diciembre,13,1153,1535056C-1EB5-4DA5-BF9B-85D25C6FCBFB
1156,15,2017,Trim. 4,diciembre,13,1155,6E2069B6-6E00-4596-B6C6-E9AB38BB2ADE
1158,15,2017,Trim. 4,diciembre,13,1157,F07FADB8-AB29-40A5-B998-627C2575EEF6
1160,15,2017,Trim. 4,diciembre,13,1159,F1BC84A6-F382-4FCB-A27A-FE6C9741ECE0
1162,15,2017,Trim. 4,diciembre,13,1161,81D1FF45-08A4-474B-966D-785C860FA68C
1164,15,2017,Trim. 4,diciembre,13,1163,F33711D1-F583-470A-8751-1F88A4B4A166
1166,11,2017,Trim. 4,diciembre,13,1165,0D742CF3-923F-4810-B8E6-B1487C1786DB
1168,11,2017,Trim. 4,diciembre,13,1167,8B4190E2-B071-4685-B247-BCC7F51A4B1A
1170,11,2017,Trim. 4,diciembre,13,1169,A23A88E2-6C54-4D9B-A6A6-38C86E93D3D4
1172,11,2017,Trim. 4,diciembre,13,1171,4DEB663B-47E1-4A4A-BF03-BF7E6A697AFC
1174,11,2017,Trim. 4,diciembre,13,1173,1D155847-BC67-493D-BBF7-FBC3150E5528
1176,11,2017,Trim. 4,diciembre,13,1175,6638C8E5-48D1-4273-B5E8-2915431A1EA7
1178,11,2017,Trim. 4,diciembre,13,1177,2E05D76B-E135-4468-B5A1-691E9E9F1205
1180,11,2017,Trim. 4,diciembre,13,1179,3254F443-2FA9-4D6B-9151-628B2F5BD1D5
1182,11,2017,Trim. 4,diciembre,13,1181,0186491F-6A89-4A4A-92EA-D4938125A635
1184,11,2017,Trim. 4,diciembre,13,1183,D05E5FCA-EA75-450F-8C8F-DFB2DEB72D94
1186,11,2017,Trim. 4,diciembre,13,1185,3765C742-B69D-46BF-9930-4C1AD35F6A58
1188,11,2017,Trim. 4,diciembre,13,1187,A8AB023D-040A-4D9B-AC42-8274E1D0EE14
1190,11,2017,Trim. 4,diciembre,13,1189,6433CF54-0F76-4806-AB05-7E1DD63D475A
1192,11,2017,Trim. 4,diciembre,13,1191,C83DEC47-A5A4-4AED-9075-AB3EDC1C4F61
1194,11,2017,Trim. 4,diciembre,13,1193,50E557AD-3141-4F9D-8FA8-FE23E2CA5898
1196,11,2017,Trim. 4,diciembre,13,1195,776F5E4B-6BED-4468-9B79-EA85F10EB54B
1198,11,2017,Trim. 4,diciembre,13,1197,804E7A3D-A2F7-464E-9FF5-7B38581ADEAA
1200,11,2017,Trim. 4,diciembre,13,1199,A0C4B3BD-DC4C-4892-B02B-AD658AA62D9F
1202,11,2017,Trim. 4,diciembre,13,1201,CE7D58F1-1E9A-4201-9B3C-BD549FB5071F
1204,11,2017,Trim. 4,diciembre,13,1203,5BF83DF5-A3AB-499D-9102-D6DCB93E1B0F
1206,11,2017,Trim. 4,diciembre,13,1205,7A6D9E62-D326-4514-92D7-48D49C9A0B14
1208,11,2017,Trim. 4,diciembre,13,1207,3BBA7A71-51C5-48EC-B7AE-D9EC439FB569
1210,11,2017,Trim. 4,diciembre,13,1209,407D3851-C23D-4647-92E4-F4A70F523A92
1212,11,2017,Trim. 4,diciembre,13,1211,099BAF0F-B712-4378-B663-5D281710C994
1214,11,2017,Trim. 4,diciembre,13,1213,B9D75D1A-FAB0-4A2C-AF84-60772AC3D124
1216,11,2017,Trim. 4,diciembre,13,1215,35831D38-D5BD-44AD-85C7-CDACDD7F9D26
1218,11,2017,Trim. 4,diciembre,13,1217,3D25BB03-7F75-4873-ABDC-5617A9775984
1220,11,2017,Trim. 4,diciembre,13,1219,19363775-BA66-4738-AAF1-D8B96BDAC023
1222,11,2017,Trim. 4,diciembre,13,1221,5E0FC684-FA5C-42E5-8898-5A75E8ACAFC1
1224,11,2017,Trim. 4,diciembre,13,1223,41E68189-DB5B-40DC-B0C7-1EE9076869DF
1226,11,2017,Trim. 4,diciembre,13,1225,29879C3B-B454-431E-AD24-D53185DC1632
1228,11,2017,Trim. 4,diciembre,13,1227,D1E0EB2C-8F10-4ABD-A1A1-8217D196D873
1230,11,2017,Trim. 4,diciembre,13,1229,F17FF8E0-37D9-4A21-9375-719F9CB4D82E
1232,11,2017,Trim. 4,diciembre,13,1231,1F1A0ACA-2266-4430-A38E-EE2CFC54A7F4
1234,11,2017,Trim. 4,diciembre,13,1233,A800B59B-AE53-4AD5-B135-F2D0F7557213
1236,11,2017,Trim. 4,diciembre,13,1235,1262C2A6-8C6B-47B4-888B-E6CAD7CCA6FF
1238,11,2017,Trim. 4,diciembre,13,1237,CF200551-72B8-4663-A024-2CA7D20E3E0E
1240,11,2017,Trim. 4,diciembre,13,1239,9538671B-4CB6-48AA-B31D-81EBD402309C
1242,11,2017,Trim. 4,diciembre,13,1241,B5600EE1-5E81-4455-B9EC-C8AF56D22AFE
1244,11,2017,Trim. 4,diciembre,13,1243,7D5C7A3D-81A8-413A-8FA1-EE68B6E7F449
1246,11,2017,Trim. 4,diciembre,13,1245,6365151A-D687-468E-B233-D5AA1E30B376
1248,11,2017,Trim. 4,diciembre,13,1247,295E5517-BA55-4B48-B4D4-B2C3C45083ED
1250,11,2017,Trim. 4,diciembre,13,1249,646E35BE-0E16-4C4A-8122-0BFFE9CC726B
1252,11,2017,Trim. 4,diciembre,13,1251,AFB63B5E-DE5F-4304-989E-0D9FC50917BB
1254,11,2017,Trim. 4,diciembre,13,1253,A96BE521-6E3D-46EF-9580-78313D30A21C
1256,11,2017,Trim. 4,diciembre,13,1255,6EBE5D45-68A2-401F-BDA2-7CC27B4EE70C
1258,11,2017,Trim. 4,diciembre,13,1257,4FB16E83-B71E-4369-AA33-E163953E7656
1260,11,2017,Trim. 4,diciembre,13,1259,8EFCA0A9-3459-4E6E-8A50-63C3A8F9E090
1262,11,2017,Trim. 4,diciembre,13,1261,3E8A6625-47D0-44D7-B828-BEE0F14AF8D8
1264,11,2017,Trim. 4,diciembre,13,1263,456E25A3-C764-4DB6-8882-BB2D910056C8
1266,11,2017,Trim. 4,diciembre,13,1265,223C1751-E0EC-4CBF-A3BA-0D0355DC992B
1268,11,2017,Trim. 4,diciembre,13,1267,FA902760-0024-417C-98F5-2C98E6CB68E1
1270,11,2017,Trim. 4,diciembre,13,1269,6E19C979-2E2F-4223-88F6-F2709965989D
1272,11,2017,Trim. 4,diciembre,13,1271,8F1DCB97-59C5-41BB-A0C4-97BF19059C0F
1274,11,2017,Trim. 4,diciembre,13,1273,300E5D6D-B86C-4DCA-9A70-FAF148484DFF
1276,11,2017,Trim. 4,diciembre,13,1275,65F7861A-9A44-480B-A19C-CE00DDCB48E3
1278,11,2017,Trim. 4,diciembre,13,1277,286B2D8F-19DB-4162-9154-35047B1254E7
1280,11,2017,Trim. 4,diciembre,13,1279,D3160472-6540-4ADE-8166-E115B7487D84
1282,11,2017,Trim. 4,diciembre,13,1281,1B184A1C-2216-464A-B624-AB002BABCBEE
1284,11,2017,Trim. 4,diciembre,13,1283,39801774-0C56-447A-9083-644B96DC2FCC
1286,11,2017,Trim. 4,diciembre,13,1285,4911EC92-AE89-49FC-958C-0432FDD2E9F3
1288,11,2017,Trim. 4,diciembre,13,1287,7A98D967-5A47-499C-AC2E-612F40D0DF17
1290,11,2017,Trim. 4,diciembre,13,1289,77648FFD-EA61-4CB8-B173-48C3730C1586
1292,14,2017,Trim. 4,diciembre,13,1291,10275331-B935-4F9B-BF80-C93B264F1F1B
1294,14,2017,Trim. 4,diciembre,13,1293,A1F5B1B8-B3FC-4A57-9E31-D9FC3D5D8174
1296,14,2017,Trim. 4,diciembre,13,1295,F40386FB-6C62-4D26-B5A6-5506FB4C2D19
1298,14,2017,Trim. 4,diciembre,13,1297,D899CDF6-D07B-4891-84FE-C20A99D49858
1300,14,2017,Trim. 4,diciembre,13,1299,A30E41B9-8200-4CD7-9A22-EFBAE04422FF
1302,14,2017,Trim. 4,diciembre,13,1301,8F5A34A6-5EB9-4221-BD08-29EA9C6D3DB5
1304,14,2017,Trim. 4,diciembre,13,1303,A66167B8-1403-4AF7-9CDF-FB8169093F69
1306,14,2017,Trim. 4,diciembre,13,1305,079A96A6-157B-49DA-8846-C5934875ACF7
1308,14,2017,Trim. 4,diciembre,13,1307,7AEFF858-6BE4-4EAF-9815-837C9C764A39
1310,14,2017,Trim. 4,diciembre,13,1309,3FAA1CA6-27DF-47B1-AB4A-75F50612F7A8
1312,14,2017,Trim. 4,diciembre,13,1311,8E2563E6-D8DF-4850-ABD5-E9E8AC814D28
1314,14,2017,Trim. 4,diciembre,13,1313,5C95E1FE-6D43-4CBC-9F28-67C4DD95C453
1316,14,2017,Trim. 4,diciembre,13,1315,DA96E505-EB74-4CA6-AF48-6ECA6856FAF2
1318,14,2017,Trim. 4,diciembre,13,1317,58C776FF-5110-4740-936D-6BD9F2AB7001
1320,14,2017,Trim. 4,diciembre,13,1319,FC819E18-3B12-4079-9A06-9C1D3ECA702C
1322,14,2017,Trim. 4,diciembre,13,1321,4DEC0D48-8FC4-42F3-808A-9534E0209EB6
1324,14,2017,Trim. 4,diciembre,13,1323,E367861C-D70D-4754-A6A1-82256D537F6C
1326,14,2017,Trim. 4,diciembre,13,1325,22BCEC36-95E8-4898-B18E-8530D997CCC8
1328,14,2017,Trim. 4,diciembre,13,1327,4FAD415B-D979-4E6F-8A68-569489E99054
1330,14,2017,Trim. 4,diciembre,13,1329,5D8A7E66-C268-4B88-9B19-21B87FA9BE32
1332,11,2017,Trim. 4,diciembre,13,2015,37A5D213-0F31-4818-B9C0-0DD7DBD491A1
1332,14,2017,Trim. 4,diciembre,13,1331,7E9F7F21-89A0-474B-9589-FFF1D2BDCD32
1334,14,2017,Trim. 4,diciembre,13,1333,C9762276-A8DC-406E-85A2-F9EACCCA0A6E
1334,15,2017,Trim. 4,diciembre,13,2016,1D792B21-9718-4388-B743-79363B98C66F
1336,11,2017,Trim. 4,diciembre,13,2017,092E3356-60F7-4FB7-9CB7-1E637DA2E13F
1336,14,2017,Trim. 4,diciembre,13,1335,97E0AC55-EBFA-4372-852A-DAF165911A76
1338,14,2017,Trim. 4,diciembre,13,1337,E58FEF72-9A45-46E0-811F-F8BFA147145A
1338,15,2017,Trim. 4,diciembre,13,2018,899F27E8-0465-4E61-BA10-20D6900D2A63
1340,11,2017,Trim. 4,diciembre,13,2019,0FD78F49-0369-4CA7-A47A-EC4D646F3D6D
1340,14,2017,Trim. 4,diciembre,13,1339,26108D6B-1AD2-402C-A967-150B0280A995
1342,14,2017,Trim. 4,diciembre,13,1341,D5D762CE-A892-4D8D-9E2F-CD0849133245
1342,15,2017,Trim. 4,diciembre,13,2020,587149C1-82D8-4EEF-9CF4-C609C96E7C88
1344,11,2017,Trim. 4,diciembre,13,2021,68B220B0-E15D-4BA3-903C-0E416B580747
1344,14,2017,Trim. 4,diciembre,13,1343,20123190-343E-4127-A1E1-89CAA345DEAF
1346,14,2017,Trim. 4,diciembre,13,1345,3DE5853F-ABBD-4B8E-843A-EC09A5A2F174
1346,15,2017,Trim. 4,diciembre,13,2022,CEE7FB94-F449-4BD7-A736-55943746AAB8
1348,11,2017,Trim. 4,diciembre,13,2023,5663A231-878B-4185-A04D-B0FF83A036EA
1348,14,2017,Trim. 4,diciembre,13,1347,CBCACD06-FB0B-4BC6-9921-E82C7C30E69C
1350,14,2017,Trim. 4,diciembre,13,1349,07A65AD9-0DBB-42A1-83CF-61671B24145D
1350,15,2017,Trim. 4,diciembre,13,2024,103959A6-8549-47B0-B35D-5870ABEC285D
1352,14,2017,Trim. 4,diciembre,13,1351,31136CFF-9A80-4368-8773-42CE19FF1AFD
1352,15,2017,Trim. 4,diciembre,13,2025,0228A5FC-7E7E-4722-8F83-EDAEDBE26F1E
1354,11,2017,Trim. 4,diciembre,13,2026,67AC2273-5F65-4606-9D14-B104957AFBAE
1354,14,2017,Trim. 4,diciembre,13,1353,F2B0DD3C-2DED-4D0A-B0D0-B7165B35EC4A
1356,14,2017,Trim. 4,diciembre,13,1355,21A8CF13-13B1-4EAC-A3AF-6C0BB19C21D1
1356,15,2017,Trim. 4,diciembre,13,2027,99734181-87E6-4D33-B135-2C25FD9E2492
1358,14,2017,Trim. 4,diciembre,13,1357,EB81A25A-3F73-402A-A0E7-BBC8DDB5279C
1358,15,2017,Trim. 4,diciembre,13,2028,343A9C5C-34DD-464F-BFB9-E48245B9692A
1360,11,2017,Trim. 4,diciembre,13,2029,A5E30E4D-4FFC-4357-AB62-E0C436A43E68
1360,14,2017,Trim. 4,diciembre,13,1359,02644F17-74F8-4D40-B019-8DEA1185D2E6
1362,14,2017,Trim. 4,diciembre,13,1361,36DD5D8E-4E57-4C2A-9F53-77917BA3392E
1362,15,2017,Trim. 4,diciembre,13,2030,143ECE4A-CAFE-49A3-AA7E-5B179C65BB01
1364,15,2017,Trim. 4,diciembre,13,1363,2505F196-238D-48D0-A58F-E3D5A9F2C981
1366,15,2017,Trim. 4,diciembre,13,1365,54C620E3-027D-48E7-8568-92B00609AD78
1368,15,2017,Trim. 4,diciembre,13,1367,24E0B4EE-2A64-4AF2-B4FD-6757819D4B1A
1370,15,2017,Trim. 4,diciembre,13,1369,A59E9A09-414F-454C-B3D5-01D7B95E338C
1372,15,2017,Trim. 4,diciembre,13,1371,A2B73CC3-3BE4-46B0-A613-D2184CD0521D
1374,15,2017,Trim. 4,diciembre,13,1373,A8F12148-8ADB-4D8A-8052-022267866694
1376,15,2017,Trim. 4,diciembre,13,1375,313FBABD-B608-4E82-A327-8971F777FEBE
1378,15,2017,Trim. 4,diciembre,13,1377,F687DA08-9726-4CCB-9CB5-11762801F940
1380,15,2017,Trim. 4,diciembre,13,1379,873379C6-45CB-491A-8186-D61B857E9591
1382,15,2017,Trim. 4,diciembre,13,1381,40E4F917-18D2-4ADF-8895-45C30DEF6C8E
1384,15,2017,Trim. 4,diciembre,13,1383,D63AFFAC-98A3-485C-A1EE-A3E84DCDF1CB
1386,15,2017,Trim. 4,diciembre,13,1385,ED437B89-0AEC-49A2-99AF-94C81E78337E
1388,15,2017,Trim. 4,diciembre,13,1387,A07E9474-8876-4FD9-8FCA-330D222A6768
1390,15,2017,Trim. 4,diciembre,13,1389,7BE24A4C-0F1F-476E-91B2-BE4C29D86C22
1392,15,2017,Trim. 4,diciembre,13,1391,6EDC0541-2838-4E50-B5FC-F3D3C9D0AC21
1394,15,2017,Trim. 4,diciembre,13,1393,745DCF49-1142-459C-9815-6247A4E60122
1396,15,2017,Trim. 4,diciembre,13,1395,E0FE5C1E-8EDE-4FEF-94F3-5AC025A62CA3
1398,15,2017,Trim. 4,diciembre,13,1397,C894E876-52DF-4299-A5C7-56767F30F1D7
1400,15,2017,Trim. 4,diciembre,13,1399,32815A00-94FC-43B2-A5C3-E120E69B4833
1402,15,2017,Trim. 4,diciembre,13,1401,EDE3C846-D97E-4114-A84E-4264BD988224
1404,14,2017,Trim. 4,diciembre,13,1403,1ACA47AC-87A9-4591-B05E-D9C7F7BAE5D3
1406,14,2017,Trim. 4,diciembre,13,1405,66785964-2A36-42F7-AE50-7FB39DA6B8B9
1408,14,2017,Trim. 4,diciembre,13,1407,AAF2BDE5-2C4F-4C5A-91A1-3C2B0F9314A8
1410,14,2017,Trim. 4,diciembre,13,1409,36B0A64A-47DF-42CC-BA46-AA6C13E4275C
1412,14,2017,Trim. 4,diciembre,13,1411,869A177B-BC20-45D1-9EC6-C43F2D12DAE7
1414,14,2017,Trim. 4,diciembre,13,1413,46B99FD9-31CF-4576-8162-686AACD6156E
1416,14,2017,Trim. 4,diciembre,13,1415,E7E8C9A3-4807-4236-B69D-327127C16A23
1418,14,2017,Trim. 4,diciembre,13,1417,3F559996-FBF1-4C81-9087-DFAAE3B84968
1420,14,2017,Trim. 4,diciembre,13,1419,116FC6F2-A3D9-4BB7-8368-34BFA8C1239F
1422,14,2017,Trim. 4,diciembre,13,1421,B770A2ED-2E96-4CFB-8D19-B3F7A7CEFA76
1424,14,2017,Trim. 4,diciembre,13,1423,2FB2D98F-00AC-4CFC-9802-38FFAD872941
1426,14,2017,Trim. 4,diciembre,13,1425,10984661-12A0-4C99-9416-3D8F3458E521
1428,14,2017,Trim. 4,diciembre,13,1427,C43C374C-0343-47CE-B5BC-B25DD5E86C1A
1430,14,2017,Trim. 4,diciembre,13,1429,12A56105-316E-4571-B407-550102666F3D
1432,14,2017,Trim. 4,diciembre,13,1431,BB0D2DB0-BFA0-4D17-A635-F056936429A4
1434,14,2017,Trim. 4,diciembre,13,1433,54E21DF0-6C86-4BDF-8EA5-2B2760FA8BF2
1436,15,2017,Trim. 4,diciembre,13,1435,67926DCA-D0D5-4B57-9481-F106386B8948
1438,15,2017,Trim. 4,diciembre,13,1437,3014E012-88EA-4742-9765-A02533F4063A
1440,15,2017,Trim. 4,diciembre,13,1439,5B35E833-A240-48C1-A16A-13F179A06BE5
1442,15,2017,Trim. 4,diciembre,13,1441,AB994F88-FE38-4BE7-B72C-1CF823BB6D6F
1444,15,2017,Trim. 4,diciembre,13,1443,A832ABD8-97AE-4D74-A87E-51FC888F3047
1446,15,2017,Trim. 4,diciembre,13,1445,A77EAC12-2ECD-46C0-AF1C-AE656123A35D
1448,15,2017,Trim. 4,diciembre,13,1447,1481B49A-5333-42C3-ADA6-83740DD21B7B
1450,15,2017,Trim. 4,diciembre,13,1449,95C8705B-46A9-4C1D-ADAB-EE1DC1FDD904
1452,15,2017,Trim. 4,diciembre,13,1451,409DE65B-39F1-4D42-BF64-A053F8AADE07
1454,15,2017,Trim. 4,diciembre,13,1453,7F5E1FAC-9FF9-446F-A41E-39CC68E554E5
1456,15,2017,Trim. 4,diciembre,13,1455,072669B4-C2B2-4DD7-87B9-33CA9020F692
1458,15,2017,Trim. 4,diciembre,13,1457,7433DA3A-C021-4C25-B763-6850FB16473E
1460,15,2017,Trim. 4,diciembre,13,1459,1BAA8527-0808-47CF-8DA3-29BFDE65CA13
1462,15,2017,Trim. 4,diciembre,13,1461,0D0C4D27-7697-49D2-9F89-987507766F45
1464,15,2017,Trim. 4,diciembre,13,1463,50B18240-4537-41FE-A57C-5955CE10F9A9
1466,15,2017,Trim. 4,diciembre,13,1465,C9FCBBE1-5171-4E66-8DE5-580803529FF6
1468,15,2017,Trim. 4,diciembre,13,1467,76E40CD1-B9FB-48DA-984B-EFFD4222ACFD
1470,15,2017,Trim. 4,diciembre,13,1469,917BDA25-6BF2-4741-8984-56AA940EDC74
1472,15,2017,Trim. 4,diciembre,13,1471,3EAC3BD6-8765-4961-B9CE-3E438339EC51
1474,15,2017,Trim. 4,diciembre,13,1473,471655E9-3790-4CD5-9ABF-790AA97878FA
1476,15,2017,Trim. 4,diciembre,13,1475,3FA37036-B17C-47F3-9F0C-816BAB9F4839
1478,15,2017,Trim. 4,diciembre,13,1477,D785338C-B481-440D-888A-002893490281
1480,15,2017,Trim. 4,diciembre,13,1479,E3A383A9-FC1C-4148-8015-7BAEDDB6B33E
1482,15,2017,Trim. 4,diciembre,13,1481,D5CE496F-7560-40F4-B0B8-4E69A3AB2A8C
1484,15,2017,Trim. 4,diciembre,13,1483,37083D2D-4664-442C-8EFE-4593175342AC
1486,15,2017,Trim. 4,diciembre,13,1485,38F5DEFB-B56B-46AB-B1F8-A18B6C828DBE
1488,15,2017,Trim. 4,diciembre,13,1487,6E74BAB7-71F1-4F54-AEB9-0E188FBC0592
1490,15,2017,Trim. 4,diciembre,13,1489,67F75A26-5D9F-4E71-8FD6-FEA3E925004E
1492,17,2011,Trim. 4,diciembre,23,2080,4610E212-3EFE-4C82-A377-8C3906FB8C8D
1492,18,2011,Trim. 4,diciembre,23,1491,9E368CD5-E5B6-43B4-A006-31D018D7C8E7
1492,19,2011,Trim. 4,diciembre,23,2054,22623211-6454-4BA4-A646-3E2AA135BF5B
1494,17,2011,Trim. 2,abril,25,1493,43F4AFC3-86D7-4E2E-B585-1709DE5E0488
1494,18,2011,Trim. 2,abril,25,2061,744F2258-97F5-4931-9FA4-D88C54BAFEC8
1496,17,2011,Trim. 2,abril,25,2077,CC1EF523-6AC9-47AC-9951-DA598111DF2F
1496,18,2011,Trim. 2,abril,25,1495,5707FDA4-1564-4650-9068-643DAC5F3A45
1496,19,2011,Trim. 2,abril,25,2049,9399078B-555A-40D1-AF7E-A7896F19E968
1498,18,2012,Trim. 1,febrero,3,1497,08658234-8FB7-4CA8-A175-7D25BF2D279D
1500,18,2012,Trim. 1,febrero,2,1499,D78842CD-A022-4C78-9E05-0A8388B95AE3
1502,17,2011,Trim. 4,diciembre,24,1501,27440F5A-748B-4AC3-ABB8-5A1F14B55F23
1504,19,2011,Trim. 4,diciembre,24,1503,0DF34150-EF64-498C-B804-E7A773ED0BF5
1506,19,2012,Trim. 1,enero,25,1505,DDAC3657-9C8B-4EBD-A800-5B0CEADD4E08
1508,17,2011,Trim. 4,diciembre,24,2086,EF0435EF-2702-421C-B242-5BA460C226E9
1508,18,2011,Trim. 4,diciembre,24,1507,A691F19D-4968-47D0-8E19-0ECCAC1B23EB
1508,19,2011,Trim. 4,diciembre,24,2060,A7CE2ADB-7FB1-495C-A927-E18E175609F5
1510,2,2012,Trim. 1,enero,25,1509,AD2071C7-AF42-4015-AEFC-C8A7BBCBC39D
1512,17,2011,Trim. 4,diciembre,23,1511,978D673F-1EF2-4E58-9962-29F4B4503082
1514,17,2012,Trim. 1,febrero,3,1513,CFF47D41-05C5-4786-9A07-8E28BBDB29E4
1516,18,2012,Trim. 1,enero,25,2089,D478E7D8-9E82-40D2-8371-2ADCF9B80081
1516,19,2012,Trim. 1,enero,25,1515,F502F0F9-97DF-4E2A-B49E-D61EC2B37726
1518,2,2011,Trim. 4,diciembre,24,1517,6CA86E4E-FDAB-4403-96D0-55750F18673B
1520,17,2011,Trim. 4,diciembre,24,1519,8C23B46F-090B-49D9-B25C-A196DC6ED99F
1522,2,2012,Trim. 1,enero,25,1521,0D85BFF5-7900-4930-A093-253041883930
1522,17,2012,Trim. 1,enero,25,2043,AB134502-A015-490B-9755-F58898752DAA
1522,19,2012,Trim. 1,enero,25,2071,0ED5EE10-429F-43AA-BBBE-5472BDDA65A5
1524,18,2012,Trim. 1,febrero,2,1523,DF46EA08-DFD7-45F9-9D33-1AC3F0678426
1526,17,2012,Trim. 1,enero,25,1525,0D7E8D2A-CE67-431D-B66D-4D5A643544FD
1528,2,2012,Trim. 1,febrero,3,1527,F501A45F-B97F-42DE-BFE0-5A1D6A416239
1528,17,2012,Trim. 1,febrero,3,2048,4FEFB236-5B79-4D38-9A18-415F69D6E62B
1528,19,2012,Trim. 1,febrero,3,2076,E09409D8-FA97-4997-BAF5-D3CC82F969E5
1530,19,2011,Trim. 4,diciembre,24,1529,B7C7EEDE-01C6-46EE-96A0-30DACEF5DFD4
1532,19,2012,Trim. 1,enero,29,1531,79F148E6-A1F6-4541-9654-6E217F8E4C9C
1534,19,2012,Trim. 1,febrero,2,1533,BF0B6804-90D3-4FF4-B91E-9744E00DDCC5
1536,2,2012,Trim. 1,enero,17,1535,218FB7AA-8157-44FE-8FE4-B9FC65F859F8
1536,17,2012,Trim. 1,enero,17,2037,AC5046F1-7FB4-4B26-885D-C10391CA33DC
1536,19,2012,Trim. 1,enero,17,2065,76CF68B2-EFFF-43D3-BB39-877056D75E60
1538,18,2012,Trim. 1,febrero,18,1537,CB6F7B14-9C7E-4927-87ED-CE52E8E9C89C
1540,17,2011,Trim. 4,diciembre,23,2081,52FD88BF-3DDD-4E53-8A93-75785338A7FD
1540,18,2011,Trim. 4,diciembre,23,1539,96F356C6-BC33-408B-BCEF-AF61F651675F
1540,19,2011,Trim. 4,diciembre,23,2055,7C9A0853-950C-4899-87F0-6A298466C97D
1542,2,2012,Trim. 1,enero,25,1541,02039E2B-5F88-452A-BB2D-B3C4446DE3C8
1542,17,2012,Trim. 1,enero,25,2046,5D3E4EBE-EA4B-4C9F-AD93-41A472F90D01
1542,19,2012,Trim. 1,enero,25,2074,5645FD79-CCFE-42FA-8B58-9BB3489D8EBA
1544,17,2011,Trim. 4,diciembre,24,1543,EA2053A1-F88E-4C3A-8200-90F21BE83970
1546,17,2012,Trim. 1,enero,29,1545,2D560D09-EFBF-44A0-B2F8-42D2427384F9
1548,19,2011,Trim. 4,diciembre,24,1547,07C69FA9-3E22-4312-B47C-C24E91C41D0D
1550,17,2012,Trim. 1,febrero,3,1549,9FCF7E19-24C1-4B71-A5F0-A6BB130ECDA2
1552,18,2012,Trim. 1,enero,25,2090,95F4819C-A5EE-44EA-8C8A-0A06D57E2093
1552,19,2012,Trim. 1,enero,25,1551,BDF392A4-39D7-4A5E-A04B-0D5C3CF0127E
1554,17,2012,Trim. 1,febrero,18,1553,DC80D2B4-9188-4300-AF2C-90CF548AB1B2
1556,18,2012,Trim. 1,febrero,18,1555,8C3FDB6D-C448-4E1C-BDD6-C764D7A950E8
1558,18,2012,Trim. 1,febrero,3,1557,F1836FE1-F554-4868-A09E-44D1DEBFCB7E
1560,17,2011,Trim. 4,diciembre,24,1559,8EBC4868-9A31-4ADC-8161-A2BAAE1EADAE
1562,18,2012,Trim. 1,febrero,2,1561,F5301349-F133-4190-B6D5-5902CF08442F
1564,19,2011,Trim. 4,diciembre,23,1563,63BD791B-4A5F-4EA4-888E-327536B4F5A3
1566,17,2011,Trim. 4,diciembre,23,2083,D79DF892-44D4-4561-AB34-5EA379498511
1566,18,2011,Trim. 4,diciembre,23,1565,6890365D-9084-43A5-B784-610EA5A50E44
1566,19,2011,Trim. 4,diciembre,23,2057,3634DD7D-1D9B-4332-A736-96FE49DA5523
1568,2,2012,Trim. 1,enero,17,1567,72A644D6-789A-4E39-9BA0-7955E9E923C8
1568,17,2012,Trim. 1,enero,17,2038,B4F18D71-0240-446C-BDBE-2D53BDB24DD9
1568,19,2012,Trim. 1,enero,17,2066,E6ACFC71-CFA1-4421-9FD3-021AFADFCD83
1570,17,2012,Trim. 1,enero,25,1569,488B7FD6-4B8C-4E95-B3C4-0F54C0F2427C
1572,17,2012,Trim. 1,febrero,2,1571,9C55B072-938D-49C8-9D84-EB1F7008CAFD
1574,18,2011,Trim. 4,diciembre,24,1573,879A2A5B-6E07-44BD-98E7-442A9B4BDEB3
1576,18,2012,Trim. 1,febrero,3,1575,1C35CD99-A603-4600-AEAF-F9E496AC3834
1578,18,2012,Trim. 1,febrero,18,1577,5533D307-4C23-45D0-B457-D91E9925E4AA
1580,19,2011,Trim. 2,abril,25,1579,32CC7C2A-B6C8-45C2-B47C-C3899EE7ED20
1582,2,2012,Trim. 1,enero,25,1581,8BF6312E-D59C-43AA-A8F5-89786D71D3A3
1584,17,2012,Trim. 1,enero,25,1583,F654676F-9436-4804-9822-DF29F37E9697
1586,18,2012,Trim. 1,febrero,2,1585,E45B11F8-4E5F-49E3-80E5-93876D087B37
1588,18,2012,Trim. 1,febrero,2,1587,B6BA7CFB-F57D-4E74-9939-AF8AC420AABA
1590,18,2012,Trim. 1,febrero,3,1589,8C6DC1F4-5A7B-4EA1-98F0-5EB866B396A0
1592,18,2012,Trim. 1,enero,29,1591,0AE61667-F379-418F-8E68-BADCFB07F846
1594,2,2012,Trim. 1,febrero,3,1593,3252317D-E358-4861-8DC0-FAFFC62C9738
1594,17,2012,Trim. 1,febrero,3,2044,999349D9-B40F-4A86-BB31-B218B6BD6435
1594,19,2012,Trim. 1,febrero,3,2072,9FA11D60-CC12-408E-BA06-EDF3DAB0964D
1596,2,2011,Trim. 4,diciembre,24,1595,4F8911CB-13E8-4889-91D9-169798562113
1596,17,2011,Trim. 4,diciembre,24,2045,F79A3FB8-9AC4-451C-A1C7-30353A6AA388
1596,19,2011,Trim. 4,diciembre,24,2073,E89F30B8-0A62-44BE-8B97-CBD62BB52C63
1598,17,2011,Trim. 4,diciembre,24,1597,33C0A355-14A1-4159-931D-17437219804E
1600,2,2012,Trim. 1,enero,25,1599,8747E981-BD08-4A56-B4D9-F5219600B47C
1600,17,2012,Trim. 1,enero,25,2042,0F4F33CD-7F52-46D3-AF71-713AAC61F41A
1600,19,2012,Trim. 1,enero,25,2070,2B9190E9-8AEB-4A2B-A890-AAFE2E25B3F0
1602,17,2011,Trim. 4,diciembre,23,1601,6C8B49AA-8CC4-4E9F-AB97-5FC882AE3E09
1602,18,2011,Trim. 4,diciembre,23,2064,CB755E32-AB58-4461-B861-CD2FAB593833
1604,17,2011,Trim. 4,diciembre,23,2082,3D7D75AC-6EC1-4A19-80F4-4E25A3FC6900
1604,18,2011,Trim. 4,diciembre,23,1603,5C9E2D9A-3CFB-4D4C-8F8A-CA1DB5D14B8C
1604,19,2011,Trim. 4,diciembre,23,2056,09688298-EA99-4F9C-B64A-E54C53254A63
1606,17,2012,Trim. 1,enero,25,1605,0A2BB46D-8F60-4A19-815C-3BE598C68DAA
1608,18,2012,Trim. 1,febrero,2,1607,A31B0AED-298C-46F0-94FE-B155344F7CFF
1610,17,2012,Trim. 1,enero,25,1609,BCAB335D-8321-4A34-9E36-636DCF2FDC65
1612,18,2012,Trim. 1,febrero,2,1611,CF96F227-F5FF-4717-8760-8BDD66DD4CB4
1614,18,2012,Trim. 1,febrero,2,1613,4040CE4C-C96B-4D86-8E67-0774DE0F06DF
1616,17,2011,Trim. 2,mayo,9,2079,29B9AD69-0D86-4E5C-9767-45E175CB457D
1616,18,2011,Trim. 2,mayo,9,1615,DE245B2F-46C2-4A5A-995E-BE850D004E0C
1616,19,2011,Trim. 2,mayo,9,2053,B788A80C-D5CC-4EB5-B63A-7B8C4AA9A9AD
1618,18,2012,Trim. 1,enero,29,1617,6D7B1D57-774B-4306-B7F6-72261B61CADA
1620,19,2012,Trim. 1,enero,29,1619,3768E6D6-6637-4850-88BE-DF01B1099C94
1622,17,2012,Trim. 1,febrero,2,1621,7E7D68A6-0F6A-47BD-AD03-E865B589BACD
1624,18,2011,Trim. 4,diciembre,24,1623,76A6E7A7-6A9F-4FE8-95E2-BF04E64A9586
1626,17,2012,Trim. 1,enero,25,1625,E88B4C79-B0F9-4FFC-A7DC-E4E6B9D0D9C9
1628,17,2011,Trim. 4,diciembre,23,1627,72AA1279-0197-437C-9C72-7018BE862576
1630,2,2012,Trim. 1,febrero,2,1629,9D8FAF5F-8B8D-4DA0-948A-3E802D42F16E
1632,18,2012,Trim. 1,febrero,2,1631,1E28BDD0-5C2B-4DCB-8B21-826D61C8853A
1634,17,2011,Trim. 2,mayo,9,1633,6E2624C6-8C4D-4A3E-A7C3-44685104F00B
1636,2,2012,Trim. 1,enero,17,1635,58BCA248-2FA8-49A8-A159-EF1E0B80DBDA
1638,17,2012,Trim. 1,enero,25,1637,2CEDCB06-6574-4192-9AEF-B2A7614A5CA0
1640,18,2012,Trim. 1,febrero,2,1639,AD8DC1B2-D487-496D-974E-B9134719A209
1642,2,2012,Trim. 1,febrero,2,1641,DA26B021-97BB-4057-8FA8-98EBBAC63387
1642,17,2012,Trim. 1,febrero,2,2040,4055FECF-A66E-43D8-BF91-84458B173890
1642,19,2012,Trim. 1,febrero,2,2068,9FBDC2FC-F8E9-4896-A3D9-984A5E544978
1644,2,2012,Trim. 1,enero,25,1643,6C3A8F48-0E60-4A5D-BAD6-AC7E918BB67D
1646,2,2012,Trim. 1,enero,17,1645,D060FE0A-41FF-414D-A861-5E11A982E27D
1646,17,2012,Trim. 1,enero,17,2041,727C86C6-24D9-4A75-9A7A-5C6EE5A90717
1646,19,2012,Trim. 1,enero,17,2069,5093DA75-6837-4155-80FD-420DB03A33E2
1648,2,2012,Trim. 1,enero,17,1647,21DE8320-AB5A-4953-B865-5E07C37E6B8F
1648,17,2012,Trim. 1,enero,17,2039,FC90DFAD-610B-46D9-B588-E1384F311916
1648,19,2012,Trim. 1,enero,17,2067,5FA8F7CA-1546-414D-9910-2AC51C86D0B1
1650,17,2011,Trim. 2,abril,25,2078,B48D5362-FA49-4C03-81C9-793532400316
1650,18,2011,Trim. 2,abril,25,1649,4D5173FB-4356-47D9-B0CB-195ABC60F3FA
1650,19,2011,Trim. 2,abril,25,2052,D710E278-E6D7-4F66-86E3-131D4098EBFB
1652,17,2012,Trim. 1,febrero,18,1651,EF5AE74D-A030-4A80-B6D1-987B5EB5C102
1654,17,2011,Trim. 2,mayo,9,1653,C8606945-354C-49FE-8152-2733276CD554
1654,18,2011,Trim. 2,mayo,9,2062,E0DC8516-1D3A-4004-AB59-B265AD2825C6
1656,18,2012,Trim. 1,febrero,2,1655,2A6B008C-6D3A-465C-A2A5-6A57C6A50E9F
1658,18,2011,Trim. 4,diciembre,24,2088,F8477ED1-4A56-4BA7-955E-74E554CA9F2D
1658,19,2011,Trim. 4,diciembre,24,1657,ECC9CB33-8355-4602-BF7C-E0EA5F2E5867
1660,19,2012,Trim. 1,enero,25,1659,C373DAE2-8BF2-4CA6-9AE9-37763692A0E2
1662,18,2012,Trim. 1,febrero,2,2087,C3ADBF9C-A8D0-44D8-9560-DD890746DE85
1662,19,2012,Trim. 1,febrero,2,1661,181F0FB6-6B52-44DF-A11F-24ABEE092248
1664,17,2011,Trim. 2,mayo,9,1663,D47E35E9-FCFE-4BF6-A6C0-8061A65A751F
1664,18,2011,Trim. 2,mayo,9,2063,FB7A6AEB-EC6B-465D-B96D-8FD0111D97AC
1666,17,2012,Trim. 1,enero,29,1665,589F7370-661E-4E6E-9493-47D50E468679
1668,18,2012,Trim. 1,febrero,3,1667,C116CFB9-724F-4223-BF0A-685015A7CCDD
1670,2,2012,Trim. 1,febrero,3,1669,3A35179A-0DC4-4A42-919E-BC162F72F1FE
1670,17,2012,Trim. 1,febrero,3,2047,80AFBA37-C540-43D8-95E6-1E8362C4AD54
1670,19,2012,Trim. 1,febrero,3,2075,01766FB9-FD85-4213-812C-7B73EC851CA3
1672,17,2012,Trim. 1,enero,25,1671,7EC9892F-DD0C-4E1D-98AA-0BF3EF7B41AF
1674,17,2012,Trim. 1,febrero,18,1673,4DA9BF5D-10CB-468F-991C-03F2A823E19E
1676,18,2012,Trim. 1,febrero,3,1675,E4F14635-F2E9-4688-A41E-DC8F1EAD6D76
1678,19,2011,Trim. 2,mayo,9,1677,B4DA7B01-A4DF-40AE-AE97-2BF09B1DDE27
1680,17,2012,Trim. 1,enero,25,1679,BC4E0302-33E6-4897-995E-9994BEBFAEB6
1682,18,2012,Trim. 1,febrero,2,1681,9666C77B-66C6-42D2-9CFF-00ACDE4C2D84
1684,18,2012,Trim. 1,febrero,2,1683,EDF54CFC-7B97-49CF-8EE9-1059524C533F
1686,19,2012,Trim. 1,febrero,2,1685,01BEC60C-8E17-4C63-A787-2245E92A8845
1688,17,2012,Trim. 1,febrero,18,1687,0D3B502B-EF37-465F-BEC4-08A6B443AD19
1690,17,2011,Trim. 4,diciembre,23,1689,FBC9DAAF-4436-4281-AE9C-AC782002A175
1692,17,2011,Trim. 4,diciembre,24,2085,4E258AC5-F153-48F9-90A4-7C1AFF7154C7
1692,18,2011,Trim. 4,diciembre,24,1691,5F7E4156-1989-4E99-8574-C5F05A887DCF
1692,19,2011,Trim. 4,diciembre,24,2059,32752AC6-B62D-4A89-A0DE-2B50C69FC1AB
1694,19,2011,Trim. 4,diciembre,24,1693,9DFD05F3-6BFB-45C1-942F-1D3EC141D39F
1696,19,2011,Trim. 4,diciembre,24,1695,2130ED19-EFF9-4006-B4C0-CAF5BA579D0A
1698,17,2011,Trim. 4,diciembre,23,2084,56501401-FB7A-4646-9750-1E0C520C1D8B
1698,18,2011,Trim. 4,diciembre,23,1697,071BA803-57A8-439F-9DAE-5695052649B6
1698,19,2011,Trim. 4,diciembre,23,2058,A2BCE0B9-59DF-4DE7-BC59-7FB85EE58A6D
1796,15,2017,Trim. 4,diciembre,13,1795,4BB595A5-5063-426B-8DDA-9371A58608F4
1798,15,2017,Trim. 4,diciembre,13,1797,79F35C92-5E55-4F57-BABE-6F45793FB644
1800,15,2017,Trim. 4,diciembre,13,1799,E3C6134B-1C88-4EE0-8131-0E87A6818740
1802,15,2017,Trim. 4,diciembre,13,1801,CE25AF40-3FD3-40CB-8BBE-D8217B2D39CC
1804,15,2017,Trim. 4,diciembre,13,1803,41D70F51-A9A3-4211-8B5B-F2D8FB70CF83
1806,15,2017,Trim. 4,diciembre,13,1805,15D022E2-FD2C-4E69-B91E-964454809AC0
1808,15,2017,Trim. 4,diciembre,13,1807,5A97FE1A-7691-4584-AD29-FCE91FED0C82
1810,15,2017,Trim. 4,diciembre,13,1809,6A5C5888-7422-40E7-89D7-409011A90477
1812,15,2017,Trim. 4,diciembre,13,1811,06A003EF-47F6-43F7-91C2-80374E9E8C6D
1814,15,2017,Trim. 4,diciembre,13,1813,5F1E8D57-4A48-4DB9-B120-A5CD1FFDDB19
1816,15,2017,Trim. 4,diciembre,13,1815,E2150158-9B9A-42D2-A50A-1F58903C51DB
1818,15,2017,Trim. 4,diciembre,13,1817,5DCA66D3-8F7C-401C-BFA6-F5E268F03280
1820,15,2017,Trim. 4,diciembre,13,1819,9B136094-07E1-4046-829E-2D7C95E6ADE4
1822,15,2017,Trim. 4,diciembre,13,1821,52117464-DFBB-417D-8262-E9668981FA35
1824,15,2017,Trim. 4,diciembre,13,1823,5EF73265-CAA8-418D-94B8-C46F7AD524A7
1826,15,2017,Trim. 4,diciembre,13,1825,44066E8E-EB1C-4437-9C33-A83AE8DE652D
1828,14,2017,Trim. 4,diciembre,13,1827,07C6A235-1109-48A8-B1D9-D3D4C3145F65
1830,14,2017,Trim. 4,diciembre,13,1829,0A0388ED-B4F9-4C2E-87F9-C7FE1D49884F
1832,14,2017,Trim. 4,diciembre,13,1831,FB07A04D-0E8C-470D-87F0-3156287BBB6A
1834,14,2017,Trim. 4,diciembre,13,1833,5610B2A9-49CB-4642-9A25-1ED1B3F13E65
1836,14,2017,Trim. 4,diciembre,13,1835,019E9573-92E1-4FE9-81C5-457C0FAD7906
1838,14,2017,Trim. 4,diciembre,13,1837,6A41DC92-8646-44F9-ADC5-E431505DE115
1840,14,2017,Trim. 4,diciembre,13,1839,D7E94259-3E09-4E09-8004-5200AB402599
1842,14,2017,Trim. 4,diciembre,13,1841,6D74361B-1ED2-4710-91CA-7A10872733CC
1844,14,2017,Trim. 4,diciembre,13,1843,773C5736-7DB9-40A7-9343-A180949F6187
1846,14,2017,Trim. 4,diciembre,13,1845,0FBADAD1-96DD-4A9E-9417-CDA593F803FE
1848,14,2017,Trim. 4,diciembre,13,1847,C0E3BDF5-57CE-4E90-B847-EA05A102C9B9
1850,14,2017,Trim. 4,diciembre,13,1849,DF097FF6-7D33-4756-8ADF-5D3E95AAD1F0
1852,14,2017,Trim. 4,diciembre,13,1851,3DDFC30B-C23A-40D4-807D-09A394A0EFD0
1854,14,2017,Trim. 4,diciembre,13,1853,BF84A293-6702-4936-ADE2-55C019641A0F
1856,14,2017,Trim. 4,diciembre,13,1855,A8240686-6FC6-4C29-9362-8BDDD2C864FF
1858,14,2017,Trim. 4,diciembre,13,1857,C1A3B1D9-CF0B-4986-B485-61FA99F088F1
1860,14,2017,Trim. 4,diciembre,13,1859,F6CB1429-9E49-467B-B031-A3F1F418C0DC
1862,14,2017,Trim. 4,diciembre,13,1861,065DA222-4B01-49B8-9834-4C82144B1C62
1864,14,2017,Trim. 4,diciembre,13,1863,7D260BB0-0048-4CC5-A46D-8F689D36C7C5
1866,14,2017,Trim. 4,diciembre,13,1865,6D7BD288-E64A-41A1-B5DD-2FE4F050B5D0
1868,14,2017,Trim. 4,diciembre,13,1867,9C4316BC-2A86-46A1-B83C-E803F3E942EA
1870,14,2017,Trim. 4,diciembre,13,1869,85830474-F442-4BDC-A3DC-7B05E3FC0D72
1872,11,2017,Trim. 4,diciembre,13,1871,A64B94C5-D615-43E2-A399-91DDE9DF9A3F
1874,11,2017,Trim. 4,diciembre,13,1873,7E1C2818-8F6E-4114-9F9A-D17641C10870
1876,11,2017,Trim. 4,diciembre,13,1875,D4DA00F5-5F87-4CC3-BF4C-FF47B076DC7F
1878,11,2017,Trim. 4,diciembre,13,1877,2163DD8B-02E7-4950-9173-FA8560F1A678
1880,11,2017,Trim. 4,diciembre,13,1879,EC68543E-2A32-45A6-B0FA-FC63BCBBFB93
1882,11,2017,Trim. 4,diciembre,13,1881,43991EEF-712C-48B9-A8A8-2C3DEF3334E6
1884,11,2017,Trim. 4,diciembre,13,1883,4AA18DCD-86C8-4361-910F-3D4614948945
1886,11,2017,Trim. 4,diciembre,13,1885,41E2DCE6-2367-4E82-B364-D3AA05D6509D
1888,11,2017,Trim. 4,diciembre,13,1887,7C28AD38-B1C2-4585-ACEF-A00731C66E5E
1890,11,2017,Trim. 4,diciembre,13,1889,B0CA90BB-1CD4-467D-8628-9594BBE1A9CD
1892,11,2017,Trim. 4,diciembre,13,1891,B1A75AF8-081B-4DE7-A14C-B350A7489631
1894,11,2017,Trim. 4,diciembre,13,1893,11A639F9-87EE-4E72-B6B9-E422B2FDDBD7
1896,11,2017,Trim. 4,diciembre,13,1895,141738F6-ADDF-43AF-8B88-4C0CDB088608
1898,11,2017,Trim. 4,diciembre,13,1897,BE9044B6-84E3-4C1E-86FC-B516E9C47108
1900,11,2017,Trim. 4,diciembre,13,1899,86AAB7E4-1237-4FA9-8F11-06FF15B1CF0A
1902,11,2017,Trim. 4,diciembre,13,1901,D3E78BE5-943F-42B2-A4AC-6EAD58DDA63C
1904,11,2017,Trim. 4,diciembre,13,1903,8B3AC3C7-F69B-41C1-B293-3EE9A3481A64
1906,11,2017,Trim. 4,diciembre,13,1905,8C5E50E6-4D91-4E84-ADB8-BC6AA2461437
1908,11,2017,Trim. 4,diciembre,13,1907,2A0AFF22-C843-4D80-8BC5-4FF1E6A9C7A6
1910,11,2017,Trim. 4,diciembre,13,1909,B1156AF0-3FDE-4C6C-A13B-CE236A549322
1912,11,2017,Trim. 4,diciembre,13,1911,CE88C6C3-2144-4719-969B-12A4A6276CF5
1914,11,2017,Trim. 4,diciembre,13,1913,353EB236-0162-4413-B45F-99E198753596
1916,11,2017,Trim. 4,diciembre,13,1915,D9E8F3FA-2C2D-4467-8657-90DE90E59C2D
1918,11,2017,Trim. 4,diciembre,13,1917,32D2E23A-DD61-476D-A329-79662CC11B07
1920,11,2017,Trim. 4,diciembre,13,1919,BCD5AD34-36E0-4662-BF7A-A928A0E30084
1922,11,2017,Trim. 4,diciembre,13,1921,1CE11B78-022A-45C6-B4C3-E26A15E43249
1924,11,2017,Trim. 4,diciembre,13,1923,57BBC290-78A0-4E65-B97C-4A9F9BA2F1AB
1926,11,2017,Trim. 4,diciembre,13,1925,FB929226-7004-4AED-9039-7DFF3B563925
1928,11,2017,Trim. 4,diciembre,13,1927,0022434C-E325-47B0-92A0-7302FFA5046F
1930,11,2017,Trim. 4,diciembre,13,1929,D617ECC5-35C8-4884-87C1-37DB082FD675
1932,11,2017,Trim. 4,diciembre,13,1931,8B01B6E4-AD96-4214-8E5E-722D357F3585
1934,11,2017,Trim. 4,diciembre,13,1933,2404176C-4DBC-497A-B3A8-CFFF7A9B4134
1936,11,2017,Trim. 4,diciembre,13,1935,2E635095-E411-4D41-BB0B-8AAD382B4C91
1938,11,2017,Trim. 4,diciembre,13,1937,1A7E8D99-8802-463D-84E4-D8324D773F56
1940,11,2017,Trim. 4,diciembre,13,1939,C3567E11-876F-4036-9779-DF2F5C9E0685
1942,11,2017,Trim. 4,diciembre,13,1941,26A00B06-0FD7-444B-9EED-053A1A8747E3
1944,11,2017,Trim. 4,diciembre,13,1943,9CCB1EAF-FE09-493C-88EA-493B3D2A65C6
1946,11,2017,Trim. 4,diciembre,13,1945,0D84E8C6-AE2B-402D-AAEC-68000389836C
1948,11,2017,Trim. 4,diciembre,13,1947,88DBA5D8-56E8-48AF-B6A1-56FC167FD434
1950,11,2017,Trim. 4,diciembre,13,1949,E0123A19-5736-4E00-B018-B317CAAABD75
1952,11,2017,Trim. 4,diciembre,13,1951,DEED8ED4-0AC8-46DB-B216-D43118FB630A
1954,11,2017,Trim. 4,diciembre,13,1953,4DA62D49-A904-4C4B-BB0E-C94E93375EBB
1956,11,2017,Trim. 4,diciembre,13,1955,0D413778-D29B-467D-8213-0B06410F0E8A
1958,14,2017,Trim. 4,diciembre,13,1957,73E600D2-C75E-4782-BFBF-283A38D4D271
1960,14,2017,Trim. 4,diciembre,13,1959,76C9F93D-A802-46D0-8B55-4650128FF842
1962,14,2017,Trim. 4,diciembre,13,1961,7672D937-B336-4FF0-B8C8-BA2201C4FD3E
1964,14,2017,Trim. 4,diciembre,13,1963,C49C40EC-CDCC-46AB-83C1-AA2609A6CD80
1966,14,2017,Trim. 4,diciembre,13,1965,39A4A055-4F49-4195-AE1A-89796C53EF0B
1968,14,2017,Trim. 4,diciembre,13,1967,1DC7BA12-AB58-4FA1-A14E-32E83BD159FF
1970,14,2017,Trim. 4,diciembre,13,1969,97310E2F-021D-4CD5-93D6-A9B49EE50EE6
1972,14,2017,Trim. 4,diciembre,13,1971,A71A4277-8D83-415B-ADBE-6E0B0E83995F
1974,14,2017,Trim. 4,diciembre,13,1973,A1429E2A-37E5-41F1-AF2F-8DA7EC305232
1976,14,2017,Trim. 4,diciembre,13,1975,E06A01CC-1FE6-4E86-8B2F-F0D1D1D34D61
1978,11,2017,Trim. 4,diciembre,13,1977,E7784BF8-4F12-4916-947F-3F1F08D22189
1980,11,2017,Trim. 4,diciembre,13,1979,E5DD2027-AAFE-4AF1-AEC8-84916DA4C7C5
1982,11,2017,Trim. 4,diciembre,13,1981,2EC86F59-58C2-45F5-B2AA-44711DF20923
1984,11,2017,Trim. 4,diciembre,13,1983,3899B7D6-F35B-4B34-A532-B300ED44E77C
1986,11,2017,Trim. 4,diciembre,13,1985,F97DA506-DC31-4F2D-A1B2-BCFE02205FD6
1988,11,2017,Trim. 4,diciembre,13,1987,9B850406-6270-475F-8A34-44FE67D35579
1990,11,2017,Trim. 4,diciembre,13,1989,7282E688-23FD-43A4-A247-5249B47DE0A7
1992,11,2017,Trim. 4,diciembre,13,1991,DC504FC5-4DA5-4A10-B095-C92537B8AE9D
1994,11,2017,Trim. 4,diciembre,13,1993,6C7D1AFE-B2F7-4385-9E39-24E2450BF8B0
2051,11,2017,Trim. 4,diciembre,13,2050,4714B7FF-1EBA-4E26-9625-53684DFA972B
